product_uid,product_id,barcode,item_name,category,scanned_date,expiry_date
PRD_372c826dc0,VEG-66258,876861517260,Potato,Vegetables,2025-02-15,2025-04-16
PRD_3ef07ed3f5,CHP-63822,54833844021,Popcorn,Snacks,2025-03-17,2025-09-13
PRD_e3f878f5a4,VEG-28162,582701168354,Potato,Vegetables,2025-03-23,2025-05-22
PRD_711c03580e,MEA-26018,579310238916,Chicken,Meat,2025-04-03,2025-04-08
PRD_4af204652c,CHP-87886,217614683308,Granola Bar,Snacks,2025-04-03,2025-07-02
PRD_47e203b2d8,VEG-90870,892403804403,Spinach,Vegetables,2025-04-04,2025-04-09
PRD_fc8e425281,MEA-82965,517363966875,Pork,Meat,2025-04-04,2025-04-09
PRD_31242662a4,CHP-60141,853185548339,Popcorn,Snacks,2024-11-20,2025-05-19
PRD_f1d27d37d0,FRT-26772,501863092196,Apple,Fruits,2025-03-18,2025-04-17
PRD_c63610d3c1,VEG-36359,705132810566,Spinach,Vegetables,2025-04-02,2025-04-07
PRD_ba470eb441,DRY-89701,12284951350,Milk,Dairy,2025-04-04,2025-04-11
PRD_01210ecb56,VEG-56117,186800525499,Spinach,Vegetables,2025-04-04,2025-04-09
PRD_6ce68907ec,CHP-80005,352237401455,Granola Bar,Snacks,2025-03-16,2025-06-14
PRD_240a88374a,BAK-20827,167872942746,Muffin,Bakery,2025-04-02,2025-04-07
PRD_949dfbfccd,DRY-67234,528350964368,Yogurt,Dairy,2025-04-03,2025-04-17
PRD_7d124adbe9,BAK-21811,684070102726,Bagel,Bakery,2025-04-04,2025-04-09
PRD_08426c53e5,BAK-49332,565190830094,Muffin,Bakery,2025-04-05,2025-04-10
PRD_e0a2955e19,DRY-60431,445663067031,Cheese,Dairy,2025-03-24,2025-04-23
PRD_94cf286d0c,BEV-71378,856741692554,Water,Beverages,2025-03-25,2025-09-21
PRD_8373cb2914,FRT-17621,115733620865,Banana,Fruits,2025-04-01,2025-04-08
PRD_9c32488aeb,BEV-62086,544259587052,Soda,Beverages,2025-04-05,2025-07-04
PRD_4ecef38bab,BAK-82026,43072210258,Bagel,Bakery,2025-04-05,2025-04-10
PRD_a683d9e670,CHP-55466,732538304899,Chips,Snacks,2025-03-02,2025-05-01
PRD_2fde8f67c6,CHP-82975,460809378132,Cookies,Snacks,2025-03-12,2025-04-26
PRD_97b2140a03,CHP-24769,398989114073,Cookies,Snacks,2025-03-14,2025-04-28
PRD_f12ac113e7,FRT-86098,241297669652,Grapes,Fruits,2025-03-31,2025-04-14
PRD_ca254ac73e,FRT-59485,699497841844,Grapes,Fruits,2025-03-31,2025-04-14
PRD_2f3ab7c364,DRY-33418,417730720654,Yogurt,Dairy,2025-04-01,2025-04-15
PRD_939ab96f6f,DRY-31969,300698098602,Yogurt,Dairy,2025-04-02,2025-04-16
PRD_8dff80394c,BEV-42063,196283890619,Juice,Beverages,2025-03-27,2025-04-26
PRD_74d99af362,FRT-66532,108844567639,Apple,Fruits,2025-03-27,2025-04-26
PRD_4ab261d256,DRY-49119,447497656214,Milk,Dairy,2025-04-01,2025-04-08
PRD_232dd47d5a,DRY-77372,255057204461,Milk,Dairy,2025-04-04,2025-04-11
PRD_90577642f4,DRY-96108,45099965449,Milk,Dairy,2025-04-06,2025-04-13
PRD_b5ffd2e395,BAK-83650,88178981643,Bread,Bakery,2025-04-06,2025-04-13
PRD_234d6e2706,CHP-91928,130846522442,Cookies,Snacks,2025-03-03,2025-04-17
PRD_b685cc976f,VEG-63500,517378576934,Carrot,Vegetables,2025-03-09,2025-04-08
PRD_3097c0ca08,FRT-44307,746801673907,Apple,Fruits,2025-03-21,2025-04-20
PRD_44575b6472,CHP-23328,841617694527,Cookies,Snacks,2025-03-27,2025-05-11
PRD_796d52d280,VEG-82408,850511243244,Carrot,Vegetables,2025-03-27,2025-04-26
PRD_3c78cfcabf,MEA-22262,361109424206,Pork,Meat,2025-04-03,2025-04-08
PRD_ce56e187c9,BAK-88371,838585901778,Bagel,Bakery,2025-04-03,2025-04-08
PRD_5aa7a7c051,DRY-73691,680734492794,Cheese,Dairy,2025-03-19,2025-04-18
PRD_8ec824ca7b,DRY-37152,297478655938,Milk,Dairy,2025-04-01,2025-04-08
PRD_6ddb700c82,VEG-67128,957442786720,Broccoli,Vegetables,2025-04-03,2025-04-10
PRD_3bebe881e1,FRT-11475,148589730889,Banana,Fruits,2025-04-05,2025-04-12
PRD_87e49adc29,BAK-75313,815570941345,Muffin,Bakery,2025-04-06,2025-04-11
PRD_8c18061835,BEV-51235,154904216336,Water,Beverages,2024-11-16,2025-05-15
PRD_542777101a,CHP-57108,19092431340,Granola Bar,Snacks,2025-02-02,2025-05-03
PRD_dafc13ab89,CHP-49825,896984967923,Popcorn,Snacks,2025-02-19,2025-08-18
PRD_361da15b19,VEG-37643,896825546746,Potato,Vegetables,2025-03-08,2025-05-07
PRD_a2d165019f,DRY-52373,427526986324,Yogurt,Dairy,2025-03-24,2025-04-07
PRD_c74bbe3e11,FRT-99519,980666499349,Banana,Fruits,2025-04-02,2025-04-09
PRD_b868da0ea3,CHP-56645,228904813792,Popcorn,Snacks,2024-11-05,2025-05-04
PRD_3b821b02ec,BEV-10692,421824611679,Water,Beverages,2024-12-03,2025-06-01
PRD_fc029e272e,VEG-10872,751448519286,Potato,Vegetables,2025-03-17,2025-05-16
PRD_e5c5616416,VEG-27077,97621913593,Broccoli,Vegetables,2025-04-01,2025-04-08
PRD_74d9919260,BAK-70833,889517795411,Bagel,Bakery,2025-04-05,2025-04-10
PRD_e24a785892,VEG-11090,493112641731,Spinach,Vegetables,2025-04-06,2025-04-11
PRD_274dfffe9f,MEA-39444,828371474385,Beef,Meat,2025-04-06,2025-04-13
PRD_65005c13f3,CHP-24862,673328785207,Popcorn,Snacks,2024-11-15,2025-05-14
PRD_224929578e,FRT-97262,183487029230,Apple,Fruits,2025-03-19,2025-04-18
PRD_5538473c4a,CHP-23310,261198761317,Cookies,Snacks,2025-04-03,2025-05-18
PRD_d0cfe14762,DRY-89317,116755649463,Milk,Dairy,2025-04-03,2025-04-10
PRD_d1d19c9f7a,FRT-75195,843585975135,Grapes,Fruits,2025-04-04,2025-04-18
PRD_41c57660b8,MEA-34939,376480904343,Pork,Meat,2025-04-04,2025-04-09
PRD_fb9d56b1b2,VEG-20766,447177592838,Potato,Vegetables,2025-03-06,2025-05-05
PRD_886d05eaea,FRT-68039,798739627312,Orange,Fruits,2025-03-29,2025-04-19
PRD_b148fb2259,DRY-28804,252091136748,Yogurt,Dairy,2025-04-03,2025-04-17
PRD_0290394298,BAK-38430,284090542443,Bread,Bakery,2025-04-05,2025-04-12
PRD_cf637b87fa,BAK-60585,384452711471,Muffin,Bakery,2025-04-06,2025-04-11
PRD_dc29a7415c,VEG-20896,949888680160,Potato,Vegetables,2025-02-20,2025-04-21
PRD_bed3826592,BEV-71160,473776700104,Juice,Beverages,2025-03-22,2025-04-21
PRD_2c3f1031cd,FRT-23472,899412430024,Orange,Fruits,2025-03-24,2025-04-14
PRD_408ca8fb2d,BAK-51634,456651368593,Bread,Bakery,2025-04-01,2025-04-08
PRD_ccdd8588e3,BAK-32464,339992377165,Bread,Bakery,2025-04-05,2025-04-12
PRD_7ee5b5fce3,CHP-86579,75350526031,Popcorn,Snacks,2024-11-18,2025-05-17
PRD_0e578dbecd,CHP-82754,346224577249,Popcorn,Snacks,2024-12-27,2025-06-25
PRD_28dd85c3b7,FRT-24634,737326672234,Orange,Fruits,2025-04-02,2025-04-23
PRD_c0d7eabc2f,FRT-61965,252991168026,Banana,Fruits,2025-04-02,2025-04-09
PRD_35e239577e,BAK-32864,835174528461,Muffin,Bakery,2025-04-06,2025-04-11
PRD_c93adec5f7,BEV-35949,491668951066,Water,Beverages,2024-11-12,2025-05-11
PRD_0d11447b6a,BEV-60331,16461311684,Water,Beverages,2024-12-05,2025-06-03
PRD_56b2ec9e98,DRY-13494,969130142395,Cheese,Dairy,2025-03-12,2025-04-11
PRD_5aa2816dd3,DRY-37863,315125424172,Cheese,Dairy,2025-03-20,2025-04-19
PRD_73daaedde6,VEG-59180,495915054224,Carrot,Vegetables,2025-04-01,2025-05-01
PRD_01d87df4b4,BAK-59685,54589781043,Bagel,Bakery,2025-04-05,2025-04-10
PRD_fa158cdb77,MEA-20004,406774899886,Pork,Meat,2025-04-05,2025-04-10
PRD_ac5c33f7de,BEV-57092,711611153481,Soda,Beverages,2025-01-16,2025-04-16
PRD_051dae05ae,FRT-15151,260861399535,Banana,Fruits,2025-03-31,2025-04-07
PRD_85f06994ec,VEG-45235,396706508252,Spinach,Vegetables,2025-04-03,2025-04-08
PRD_9c99937ab7,BAK-29451,935875418645,Muffin,Bakery,2025-04-04,2025-04-09
PRD_dee985f72a,DRY-84113,619156812962,Milk,Dairy,2025-04-04,2025-04-11
PRD_3f9ec403f5,DRY-27756,742246673555,Yogurt,Dairy,2025-04-05,2025-04-19
PRD_7e6580a7e9,BAK-30985,381405693751,Bagel,Bakery,2025-04-06,2025-04-11
PRD_d1a5c8e118,CHP-38363,838547069069,Popcorn,Snacks,2024-11-03,2025-05-02
PRD_5d2aea0f88,CHP-52771,399974237159,Popcorn,Snacks,2024-11-19,2025-05-18
PRD_e4c1ae3cfa,BAK-25887,717161126543,Bagel,Bakery,2025-04-02,2025-04-07
PRD_52cb1b28ee,MEA-36861,847229591951,Beef,Meat,2025-04-05,2025-04-12
PRD_168505fb1a,VEG-31258,427393179765,Potato,Vegetables,2025-04-06,2025-06-05
PRD_e03601bc8b,BAK-70801,170663809015,Bagel,Bakery,2025-04-06,2025-04-11
PRD_6686024ce3,VEG-95395,319768601370,Potato,Vegetables,2025-03-06,2025-05-05
PRD_0d9910ba0a,DRY-28330,507466393480,Cheese,Dairy,2025-03-12,2025-04-11
PRD_957d8ceb9f,CHP-23232,32242763770,Popcorn,Snacks,2025-03-16,2025-09-12
PRD_0f6471b325,VEG-85907,443822560092,Potato,Vegetables,2025-03-29,2025-05-28
PRD_656b2541ce,BAK-50168,179433275875,Bagel,Bakery,2025-04-06,2025-04-11
PRD_02532c4c2f,CHP-65589,597183327730,Chips,Snacks,2025-03-02,2025-05-01
PRD_dd58c228e9,CHP-99728,944331371732,Crackers,Snacks,2025-03-12,2025-07-10
PRD_c841f46567,BEV-76031,31271583530,Juice,Beverages,2025-03-14,2025-04-13
PRD_873c5b258b,CHP-96539,50171538951,Chips,Snacks,2025-03-29,2025-05-28
PRD_9ffd54af1b,CHP-26422,182948699046,Cookies,Snacks,2025-03-29,2025-05-13
PRD_a8f16b20c8,VEG-73394,949440926159,Broccoli,Vegetables,2025-04-04,2025-04-11
PRD_93cf8bb3e9,MEA-78483,527472671804,Chicken,Meat,2025-04-06,2025-04-11
PRD_07e78459f4,CHP-17993,938600511598,Granola Bar,Snacks,2025-03-14,2025-06-12
PRD_dd801912e8,DRY-81310,964588036656,Yogurt,Dairy,2025-03-25,2025-04-08
PRD_13d2280294,VEG-10065,505520032964,Carrot,Vegetables,2025-03-25,2025-04-24
PRD_46eba98d0e,VEG-84486,832383688783,Spinach,Vegetables,2025-04-04,2025-04-09
PRD_9dc8d21ef4,BAK-36964,523145657978,Bagel,Bakery,2025-04-04,2025-04-09
PRD_2d3f967d98,FRT-86116,307157171654,Apple,Fruits,2025-03-28,2025-04-27
PRD_0717d67cc5,MEA-57389,499169019271,Beef,Meat,2025-04-01,2025-04-08
PRD_7fb10a5578,DRY-17100,216403417513,Milk,Dairy,2025-04-03,2025-04-10
PRD_d790197d9a,MEA-20200,368257284465,Beef,Meat,2025-04-05,2025-04-12
PRD_f465a3a8cb,BAK-32403,131990884143,Bread,Bakery,2025-04-05,2025-04-12
PRD_e3067670c2,FRT-44460,294589649592,Orange,Fruits,2025-03-17,2025-04-07
PRD_5d04ac002a,FRT-17495,111156413162,Orange,Fruits,2025-04-03,2025-04-24
PRD_0e878e0150,FRT-45802,418009553489,Banana,Fruits,2025-04-05,2025-04-12
PRD_6e42c4f4e6,MEA-22246,140128144067,Pork,Meat,2025-04-06,2025-04-11
PRD_2233529eee,MEA-82441,80606345560,Pork,Meat,2025-04-06,2025-04-11
PRD_6d472e934d,CHP-76072,930054625701,Granola Bar,Snacks,2025-03-23,2025-06-21
PRD_2847b48abe,DRY-17884,477107834180,Yogurt,Dairy,2025-03-28,2025-04-11
PRD_e6f7e6e9d7,BEV-32201,173691116560,Soda,Beverages,2025-03-31,2025-06-29
PRD_7a602780e0,BAK-37109,854617337391,Bagel,Bakery,2025-04-03,2025-04-08
PRD_d087685558,MEA-43953,29939621622,Chicken,Meat,2025-04-04,2025-04-09
PRD_699c297537,FRT-21412,353730863342,Apple,Fruits,2025-04-05,2025-05-05
PRD_4977274870,BAK-29104,361755559922,Bagel,Bakery,2025-04-05,2025-04-10
PRD_72b331e297,CHP-41700,52758491082,Cookies,Snacks,2025-03-09,2025-04-23
PRD_d58afb30e9,DRY-17806,40489666492,Cheese,Dairy,2025-03-23,2025-04-22
PRD_4a7daaf834,DRY-79151,732088820444,Yogurt,Dairy,2025-03-25,2025-04-08
PRD_5707281f8a,DRY-40955,675772105800,Cheese,Dairy,2025-03-31,2025-04-30
PRD_8e160fa424,VEG-76855,420218018827,Spinach,Vegetables,2025-04-02,2025-04-07
PRD_005dd00427,MEA-14639,150620198320,Pork,Meat,2025-04-03,2025-04-08
PRD_64e5934109,BAK-59935,136589333369,Bagel,Bakery,2025-04-06,2025-04-11
PRD_3738901c15,CHP-64263,96669537409,Chips,Snacks,2025-02-13,2025-04-14
PRD_a652f7ec32,DRY-29721,431948061564,Cheese,Dairy,2025-03-23,2025-04-22
PRD_1814c5f8c3,FRT-11523,365209801328,Grapes,Fruits,2025-03-27,2025-04-10
PRD_50eb7ebc1e,DRY-39656,924401384262,Cheese,Dairy,2025-03-30,2025-04-29
PRD_ca9f9397fc,CHP-60100,589600922472,Cookies,Snacks,2025-03-31,2025-05-15
PRD_3a3898e41f,VEG-83840,437411312124,Spinach,Vegetables,2025-04-02,2025-04-07
PRD_12fe8bb169,CHP-75296,555534571236,Chips,Snacks,2025-02-11,2025-04-12
PRD_ef1c5f7a2f,BEV-32775,210508579523,Soda,Beverages,2025-03-05,2025-06-03
PRD_c206563e30,MEA-55558,710091493032,Pork,Meat,2025-04-04,2025-04-09
PRD_de5df0c19d,BAK-71905,740923015598,Bread,Bakery,2025-04-04,2025-04-11
PRD_e4a143ccee,FRT-87512,876408146055,Banana,Fruits,2025-04-06,2025-04-13
PRD_2562e31e6b,VEG-13405,422305514843,Potato,Vegetables,2025-02-17,2025-04-18
PRD_d38c809848,DRY-15583,876425972458,Cheese,Dairy,2025-03-29,2025-04-28
PRD_6258d472d9,FRT-18966,476749621698,Banana,Fruits,2025-03-31,2025-04-07
PRD_44a9f0a066,MEA-22722,646602206501,Pork,Meat,2025-04-03,2025-04-08
PRD_3a03d4e61c,BEV-79549,503913520960,Juice,Beverages,2025-04-04,2025-05-04
PRD_bd1d304af6,BAK-51545,584009735197,Bread,Bakery,2025-04-05,2025-04-12
PRD_78a0af7dff,BAK-91025,180603932274,Bagel,Bakery,2025-04-05,2025-04-10
PRD_20643d737e,CHP-86751,608502748552,Popcorn,Snacks,2024-12-02,2025-05-31
PRD_2366e56631,BEV-24850,388482714170,Soda,Beverages,2025-02-03,2025-05-04
PRD_9f566f1d0c,BEV-42997,999372475294,Juice,Beverages,2025-03-13,2025-04-12
PRD_11bfd36582,DRY-51673,499797156972,Milk,Dairy,2025-04-01,2025-04-08
PRD_7ac6f1c5dd,MEA-53647,593864399483,Beef,Meat,2025-04-03,2025-04-10
PRD_e0566ffcd1,FRT-95046,986867256798,Grapes,Fruits,2025-04-03,2025-04-17
PRD_2ec900dfbf,MEA-15349,503603329359,Pork,Meat,2025-04-06,2025-04-11
PRD_77ea5f89a0,BEV-77178,207559257543,Soda,Beverages,2025-02-03,2025-05-04
PRD_d56abb817a,VEG-11214,301189894880,Spinach,Vegetables,2025-04-04,2025-04-09
PRD_ffea36f3ab,FRT-14025,97985916191,Grapes,Fruits,2025-04-04,2025-04-18
PRD_5f1652947a,VEG-12478,222261397000,Potato,Vegetables,2025-04-06,2025-06-05
PRD_4a7e7e846c,FRT-30341,730437584351,Banana,Fruits,2025-04-06,2025-04-13
PRD_482e9581f9,BEV-75035,725663350756,Water,Beverages,2024-11-01,2025-04-30
PRD_bd73c518ff,FRT-75467,850844070013,Apple,Fruits,2025-03-09,2025-04-08
PRD_a8b546d17d,FRT-16672,497736170200,Apple,Fruits,2025-03-21,2025-04-20
PRD_b198657ec4,DRY-34682,245541491209,Yogurt,Dairy,2025-03-29,2025-04-12
PRD_dfbadec46a,DRY-88930,127708627456,Cheese,Dairy,2025-04-01,2025-05-01
PRD_c70e00e63b,FRT-33752,187143322160,Grapes,Fruits,2025-04-02,2025-04-16
PRD_72e79b85f9,MEA-77040,650636304476,Chicken,Meat,2025-04-05,2025-04-10
PRD_9754d36347,CHP-83127,647352048035,Popcorn,Snacks,2024-10-25,2025-04-23
PRD_9ff1bd61ca,BEV-75227,477513265125,Water,Beverages,2024-11-19,2025-05-18
PRD_b9874035ef,BEV-76957,589164682851,Water,Beverages,2025-01-21,2025-07-20
PRD_7b6654a421,CHP-91580,26927785415,Chips,Snacks,2025-02-12,2025-04-13
PRD_105c8233f0,FRT-72996,275639186475,Apple,Fruits,2025-03-09,2025-04-08
PRD_f858f69c61,BEV-85521,833446413397,Juice,Beverages,2025-03-14,2025-04-13
PRD_a5b4d4d9a5,VEG-80449,854909673285,Carrot,Vegetables,2025-03-23,2025-04-22
PRD_1e2594d0ad,DRY-25477,425122298266,Cheese,Dairy,2025-03-08,2025-04-07
PRD_5b6aa42dca,MEA-33875,82234177381,Beef,Meat,2025-04-04,2025-04-11
PRD_dd56f5cc1c,BAK-73487,226288113213,Bagel,Bakery,2025-04-05,2025-04-10
PRD_229de4ae45,VEG-54675,181861594507,Spinach,Vegetables,2025-04-05,2025-04-10
PRD_bd4a121410,BAK-34913,140395488095,Muffin,Bakery,2025-04-06,2025-04-11
PRD_d907f49414,BEV-75147,977600885193,Soda,Beverages,2025-01-16,2025-04-16
PRD_bb1add61e0,VEG-83002,872577556268,Potato,Vegetables,2025-03-01,2025-04-30
PRD_aa21c45303,VEG-73197,123306380994,Carrot,Vegetables,2025-03-09,2025-04-08
PRD_4e50edea1e,MEA-44366,482931540391,Beef,Meat,2025-04-01,2025-04-08
PRD_d78ed69fe6,MEA-19311,315000117294,Beef,Meat,2025-04-05,2025-04-12
PRD_b4c3fdf329,BEV-99884,154702865181,Soda,Beverages,2025-02-17,2025-05-18
PRD_83a3a9e884,CHP-80332,145575190776,Cookies,Snacks,2025-03-13,2025-04-27
PRD_8042ba73e1,BEV-93652,137002068819,Juice,Beverages,2025-03-25,2025-04-24
PRD_3bf2c1c830,BAK-72577,856224919047,Bread,Bakery,2025-04-02,2025-04-09
PRD_fd088045dc,FRT-13410,651603697785,Grapes,Fruits,2025-04-02,2025-04-16
PRD_236b610819,FRT-88835,625734745231,Banana,Fruits,2025-04-04,2025-04-11
PRD_54c9cc454e,FRT-15451,790323869157,Banana,Fruits,2025-04-06,2025-04-13
PRD_e05d986359,VEG-32968,770973738478,Potato,Vegetables,2025-02-26,2025-04-27
PRD_69536db742,DRY-16184,785963057731,Cheese,Dairy,2025-04-04,2025-05-04
PRD_b30d8dff33,MEA-42982,102779899026,Pork,Meat,2025-04-04,2025-04-09
PRD_0f671801c2,VEG-17163,416359485119,Broccoli,Vegetables,2025-04-05,2025-04-12
PRD_93bc15b214,DRY-42779,952676347628,Milk,Dairy,2025-04-05,2025-04-12
PRD_c5eb676e20,CHP-95491,583113842061,Popcorn,Snacks,2024-11-13,2025-05-12
PRD_1547619608,VEG-36879,51854860337,Carrot,Vegetables,2025-03-13,2025-04-12
PRD_59087a062a,FRT-34020,409384372936,Grapes,Fruits,2025-03-24,2025-04-07
PRD_d960bd842c,DRY-84929,828106610724,Cheese,Dairy,2025-04-04,2025-05-04
PRD_d2646e4466,MEA-67839,41943864812,Pork,Meat,2025-04-04,2025-04-09
PRD_a2e068941a,MEA-10819,701373203708,Pork,Meat,2025-04-05,2025-04-10
PRD_d2fa67786c,BEV-50885,627625834286,Soda,Beverages,2025-03-24,2025-06-22
PRD_ea46aad24a,FRT-26919,728641580710,Orange,Fruits,2025-03-27,2025-04-17
PRD_a7308b8ebe,FRT-66546,58705279315,Orange,Fruits,2025-03-30,2025-04-20
PRD_b904763927,FRT-63473,534033750329,Apple,Fruits,2025-04-01,2025-05-01
PRD_60807f8ad1,VEG-13221,109935710560,Broccoli,Vegetables,2025-04-05,2025-04-12
PRD_d67b2f6057,CHP-30293,996547871973,Crackers,Snacks,2025-01-30,2025-05-30
PRD_15eecfd001,VEG-38120,785520938564,Carrot,Vegetables,2025-03-13,2025-04-12
PRD_0b5c9fb170,DRY-62149,769724361911,Yogurt,Dairy,2025-03-26,2025-04-09
PRD_2fb40844d7,MEA-33447,943519611570,Beef,Meat,2025-04-01,2025-04-08
PRD_c512db8a26,MEA-92106,352178392797,Pork,Meat,2025-04-02,2025-04-07
PRD_2728727973,MEA-51073,773958062800,Pork,Meat,2025-04-06,2025-04-11
PRD_675eab4321,VEG-96619,542417760830,Potato,Vegetables,2025-02-17,2025-04-18
PRD_b2bbae3088,FRT-93256,546246861368,Grapes,Fruits,2025-03-25,2025-04-08
PRD_3450908742,BAK-50231,404588003655,Bread,Bakery,2025-04-04,2025-04-11
PRD_4187d4c8df,MEA-61320,479142392920,Beef,Meat,2025-04-05,2025-04-12
PRD_03b56ceacc,BAK-89015,623920878459,Bagel,Bakery,2025-04-06,2025-04-11
PRD_2cab472a58,CHP-21734,779537054061,Popcorn,Snacks,2024-10-19,2025-04-17
PRD_8ce2a3daa9,BEV-66927,338102962974,Soda,Beverages,2025-02-22,2025-05-23
PRD_08c41a1b58,FRT-15136,434098294926,Apple,Fruits,2025-03-16,2025-04-15
PRD_35570b4fff,BEV-81107,465182001082,Juice,Beverages,2025-03-24,2025-04-23
PRD_083d3e7d21,VEG-27157,839246817364,Broccoli,Vegetables,2025-03-31,2025-04-07
PRD_24de75d2a2,DRY-66293,793846390158,Milk,Dairy,2025-04-04,2025-04-11
PRD_536864daa4,DRY-31168,41263790413,Milk,Dairy,2025-04-06,2025-04-13
PRD_a789be74df,CHP-45731,67777037134,Crackers,Snacks,2025-02-21,2025-06-21
PRD_362cc6622d,DRY-58040,531008800276,Cheese,Dairy,2025-03-23,2025-04-22
PRD_b7b02f3afb,BAK-46076,739140588902,Muffin,Bakery,2025-04-05,2025-04-10
PRD_8b52640220,VEG-32032,937399416593,Spinach,Vegetables,2025-04-06,2025-04-11
PRD_86c0ce24e9,DRY-57802,296125147883,Milk,Dairy,2025-04-06,2025-04-13
PRD_5985dd71fb,BEV-41714,976046818621,Water,Beverages,2025-01-03,2025-07-02
PRD_559504390b,BAK-49422,57658640527,Muffin,Bakery,2025-04-02,2025-04-07
PRD_2b966fb916,VEG-57007,732613567246,Spinach,Vegetables,2025-04-03,2025-04-08
PRD_8448937f0f,BAK-97323,638275088208,Bagel,Bakery,2025-04-04,2025-04-09
PRD_355154912e,FRT-26332,628410402806,Banana,Fruits,2025-04-04,2025-04-11
PRD_3af119c7fd,DRY-31770,384639353541,Milk,Dairy,2025-04-04,2025-04-11
PRD_9a562b5b22,BEV-61889,298354387945,Soda,Beverages,2025-02-25,2025-05-26
PRD_f3f37f86c4,FRT-86601,333317054914,Apple,Fruits,2025-03-09,2025-04-08
PRD_6e1d6eb695,CHP-16759,287919668481,Cookies,Snacks,2025-03-27,2025-05-11
PRD_d0224835bc,FRT-64993,740045681808,Orange,Fruits,2025-03-28,2025-04-18
PRD_91142d9603,DRY-83287,439093737598,Yogurt,Dairy,2025-04-02,2025-04-16
PRD_14552f55ee,MEA-90280,277063127640,Beef,Meat,2025-04-06,2025-04-13
PRD_dbab96fece,CHP-25742,967718213558,Popcorn,Snacks,2025-02-21,2025-08-20
PRD_d332c2a59f,BEV-85696,136022740635,Juice,Beverages,2025-03-08,2025-04-07
PRD_aedbaf12e7,VEG-11134,606076170189,Potato,Vegetables,2025-03-15,2025-05-14
PRD_2c119a6717,DRY-97280,687654468786,Milk,Dairy,2025-03-31,2025-04-07
PRD_5cf176b787,DRY-42642,443889208199,Yogurt,Dairy,2025-04-02,2025-04-16
PRD_c183a89605,DRY-11262,228606418277,Yogurt,Dairy,2025-04-05,2025-04-19
PRD_3df6fa77f2,VEG-18638,25218468180,Broccoli,Vegetables,2025-04-06,2025-04-13
PRD_310dd83dfc,BEV-37712,96607518344,Water,Beverages,2025-03-10,2025-09-06
PRD_f33a62e300,FRT-82068,61626383993,Apple,Fruits,2025-03-22,2025-04-21
PRD_73558f7e16,CHP-86202,698818488432,Popcorn,Snacks,2025-03-26,2025-09-22
PRD_cfeeac3450,FRT-54889,217549231012,Grapes,Fruits,2025-04-02,2025-04-16
PRD_16d262b3ff,BAK-74958,418617391155,Bagel,Bakery,2025-04-03,2025-04-08
PRD_3977c40f86,DRY-36724,649893129554,Milk,Dairy,2025-04-04,2025-04-11
PRD_d69a816c8e,DRY-57394,900573562563,Milk,Dairy,2025-04-06,2025-04-13
PRD_5e88dc05c0,CHP-83136,748158842723,Popcorn,Snacks,2024-12-05,2025-06-03
PRD_b72e92c404,DRY-97520,361488954640,Cheese,Dairy,2025-03-13,2025-04-12
PRD_dd15ef29f7,BAK-97937,917399391943,Bagel,Bakery,2025-04-03,2025-04-08
PRD_d76732a22e,BAK-27771,449576585527,Bagel,Bakery,2025-04-03,2025-04-08
PRD_2cbdc26e0f,DRY-11143,584570495588,Yogurt,Dairy,2025-04-03,2025-04-17
PRD_d51970db37,BAK-52982,229857685410,Bagel,Bakery,2025-04-05,2025-04-10
PRD_ae4a632868,BEV-41657,596909047325,Soda,Beverages,2025-02-03,2025-05-04
PRD_299ac8a082,DRY-16440,180613915457,Cheese,Dairy,2025-03-14,2025-04-13
PRD_04360b0fa3,BEV-32854,890237288857,Juice,Beverages,2025-03-19,2025-04-18
PRD_4ddb3cf1d8,BAK-38684,613548697340,Bagel,Bakery,2025-04-04,2025-04-09
PRD_f3cb73c6e6,MEA-11371,874702865646,Beef,Meat,2025-04-05,2025-04-12
PRD_322930e1d4,BEV-98083,989992345991,Water,Beverages,2025-03-05,2025-09-01
PRD_b3b579dcfb,BEV-48925,846654698292,Soda,Beverages,2025-03-15,2025-06-13
PRD_30cea2c0d4,BAK-16189,839669713579,Muffin,Bakery,2025-04-02,2025-04-07
PRD_a595f162ac,VEG-54172,794389270334,Potato,Vegetables,2025-04-02,2025-06-01
PRD_9dbe6a45a9,MEA-56948,170049058256,Chicken,Meat,2025-04-04,2025-04-09
PRD_6bd2c834be,VEG-28135,13372599453,Broccoli,Vegetables,2025-04-06,2025-04-13
PRD_480758dc50,MEA-29654,928610179394,Beef,Meat,2025-04-06,2025-04-13
PRD_3a9108bb1f,BEV-60054,563851960696,Water,Beverages,2024-12-13,2025-06-11
PRD_7ac2fed44d,BEV-10006,730169136544,Soda,Beverages,2025-01-19,2025-04-19
PRD_f11c11c21d,VEG-70821,190649554551,Potato,Vegetables,2025-03-27,2025-05-26
PRD_55d4b22de9,DRY-61714,932225232606,Yogurt,Dairy,2025-04-03,2025-04-17
PRD_5aea6b2bc8,MEA-89560,266382379344,Pork,Meat,2025-04-05,2025-04-10
PRD_628adfb81d,MEA-51404,71714073533,Chicken,Meat,2025-04-06,2025-04-11
PRD_10613de3a4,FRT-24407,279102080721,Apple,Fruits,2025-03-11,2025-04-10
PRD_fa8f05d217,BEV-27461,825601789533,Soda,Beverages,2025-03-13,2025-06-11
PRD_17f7042439,BEV-98036,667767800308,Water,Beverages,2025-03-23,2025-09-19
PRD_5e35829c9b,BAK-41027,716014932989,Muffin,Bakery,2025-04-03,2025-04-08
PRD_0699548f39,BAK-66499,708271623328,Muffin,Bakery,2025-04-03,2025-04-08
PRD_3dec43a96b,BEV-10676,294648577093,Juice,Beverages,2025-04-05,2025-05-05
PRD_5d13dd9eba,VEG-14412,133806051930,Spinach,Vegetables,2025-04-06,2025-04-11
PRD_17b2731014,CHP-31970,198382312006,Popcorn,Snacks,2025-01-23,2025-07-22
PRD_1ba861d695,CHP-87907,880475743174,Granola Bar,Snacks,2025-01-25,2025-04-25
PRD_4de54d0c18,BEV-88650,754498871711,Soda,Beverages,2025-03-25,2025-06-23
PRD_c1d70d6bfb,FRT-52522,202987030819,Banana,Fruits,2025-04-01,2025-04-08
PRD_03ea160277,BAK-61372,865556922145,Bagel,Bakery,2025-04-03,2025-04-08
PRD_0384f8461f,BEV-66988,942850513309,Soda,Beverages,2025-03-11,2025-06-09
PRD_8770a7d85d,FRT-80718,738463365171,Orange,Fruits,2025-03-20,2025-04-10
PRD_07f4495544,FRT-31750,440054740830,Banana,Fruits,2025-03-31,2025-04-07
PRD_178890762f,BAK-24397,937859172381,Muffin,Bakery,2025-04-02,2025-04-07
PRD_8530926b3c,FRT-40508,380454803638,Grapes,Fruits,2025-04-02,2025-04-16
PRD_e0c4b027c3,FRT-26193,592533434757,Banana,Fruits,2025-04-05,2025-04-12
PRD_067ca6832f,BAK-61921,303403238361,Bagel,Bakery,2025-04-06,2025-04-11
PRD_bcf64ae9c5,CHP-92363,580106594845,Crackers,Snacks,2025-01-19,2025-05-19
PRD_4478a68926,CHP-63725,374221604168,Crackers,Snacks,2025-01-21,2025-05-21
PRD_9fc49ad3c3,CHP-70098,903262116629,Cookies,Snacks,2025-03-24,2025-05-08
PRD_bff8ad4ba4,FRT-24852,44627714383,Banana,Fruits,2025-04-02,2025-04-09
PRD_8e74944dff,BAK-20507,578077430323,Muffin,Bakery,2025-04-02,2025-04-07
PRD_41b651ffbd,BAK-64629,716293831338,Muffin,Bakery,2025-04-04,2025-04-09
PRD_2dca0b455d,CHP-29804,350732678152,Popcorn,Snacks,2024-11-23,2025-05-22
PRD_083fdf39f1,CHP-52355,673242677885,Crackers,Snacks,2024-12-09,2025-04-08
PRD_f60ef2ca8e,CHP-47952,909926424976,Granola Bar,Snacks,2025-03-02,2025-05-31
PRD_1e8c1eee8e,CHP-23420,770365996474,Cookies,Snacks,2025-03-21,2025-05-05
PRD_a3846f0202,FRT-10063,340116404513,Banana,Fruits,2025-04-01,2025-04-08
PRD_9fc7882b81,MEA-22336,133780357231,Beef,Meat,2025-04-06,2025-04-13
PRD_a8f058de4e,CHP-14262,823882664269,Granola Bar,Snacks,2025-01-23,2025-04-23
PRD_ce9e2c5ad2,VEG-63873,454452778458,Potato,Vegetables,2025-03-31,2025-05-30
PRD_7c049cde95,DRY-26269,899006728154,Yogurt,Dairy,2025-03-31,2025-04-14
PRD_17c2c1e56f,MEA-77459,178364019622,Beef,Meat,2025-04-01,2025-04-08
PRD_070b8f8611,VEG-86718,31521678730,Spinach,Vegetables,2025-04-04,2025-04-09
PRD_e2d95ec75c,FRT-54428,325458058088,Orange,Fruits,2025-04-05,2025-04-26
PRD_3d8b1a7ee9,MEA-89084,907954369994,Beef,Meat,2025-04-06,2025-04-13
PRD_ffa08ed9b2,BEV-28566,698930047375,Soda,Beverages,2025-01-08,2025-04-08
PRD_bf3c687047,DRY-63705,567218456901,Yogurt,Dairy,2025-03-27,2025-04-10
PRD_2ab68ebafc,FRT-55254,487181081362,Banana,Fruits,2025-03-31,2025-04-07
PRD_d2e94b788a,DRY-88672,396017511729,Milk,Dairy,2025-04-02,2025-04-09
PRD_a7e65cc6ce,VEG-82269,546672398232,Spinach,Vegetables,2025-04-02,2025-04-07
PRD_4545da949d,DRY-28673,204620119772,Yogurt,Dairy,2025-04-03,2025-04-17
PRD_70328018eb,BEV-48813,94404858436,Juice,Beverages,2025-03-11,2025-04-10
PRD_bb65c3155e,CHP-75906,127853673204,Granola Bar,Snacks,2025-03-18,2025-06-16
PRD_e34f22b94a,BEV-91904,469428208933,Juice,Beverages,2025-04-04,2025-05-04
PRD_b70bf7a62d,VEG-19531,67326442483,Spinach,Vegetables,2025-04-04,2025-04-09
PRD_6f12ed28cc,BEV-58219,584927399786,Juice,Beverages,2025-04-05,2025-05-05
PRD_5be0b4bf91,MEA-28114,113249792961,Beef,Meat,2025-04-05,2025-04-12
PRD_3fd9d8309c,BEV-49138,428030394184,Water,Beverages,2024-10-22,2025-04-20
PRD_b63a6e8686,CHP-23498,764089539883,Granola Bar,Snacks,2025-01-09,2025-04-09
PRD_e91cf634a8,DRY-44795,902963526964,Cheese,Dairy,2025-03-16,2025-04-15
PRD_4f28a277eb,BEV-64632,432909180553,Soda,Beverages,2025-03-28,2025-06-26
PRD_146b1d0127,DRY-61761,667337837250,Cheese,Dairy,2025-03-29,2025-04-28
PRD_8ebab4b0a8,DRY-33567,142693095867,Milk,Dairy,2025-04-02,2025-04-09
PRD_797aa64f9a,VEG-45268,769098713730,Carrot,Vegetables,2025-04-06,2025-05-06
PRD_f86a5ff32d,CHP-34257,61041847421,Crackers,Snacks,2025-02-02,2025-06-02
PRD_ecf2897dc4,BEV-45150,402303613506,Juice,Beverages,2025-03-10,2025-04-09
PRD_46beab9802,MEA-89909,275544923057,Pork,Meat,2025-04-04,2025-04-09
PRD_657c4ab226,FRT-77726,653999153878,Banana,Fruits,2025-04-05,2025-04-12
PRD_ded238b8da,VEG-66269,162693317576,Carrot,Vegetables,2025-04-05,2025-05-05
PRD_3a03b88815,BAK-86188,499020491938,Bagel,Bakery,2025-04-06,2025-04-11
PRD_82f3436b0c,VEG-10716,340101213798,Spinach,Vegetables,2025-04-06,2025-04-11
PRD_607bef8ec8,BEV-24128,863000345770,Soda,Beverages,2025-01-12,2025-04-12
PRD_da38597a72,BEV-45806,177481363302,Water,Beverages,2025-01-18,2025-07-17
PRD_15256bb60d,CHP-47736,65272477455,Chips,Snacks,2025-03-12,2025-05-11
PRD_95ea1ab191,VEG-17862,377801207778,Carrot,Vegetables,2025-03-15,2025-04-14
PRD_8826f96eeb,CHP-98287,978514402896,Popcorn,Snacks,2025-04-03,2025-09-30
PRD_0f51bdc0d7,BAK-33600,293005827206,Bagel,Bakery,2025-04-06,2025-04-11
PRD_d75f543bb4,CHP-48954,622205772534,Chips,Snacks,2025-03-07,2025-05-06
PRD_b3f6923fe0,CHP-54255,193916226850,Cookies,Snacks,2025-03-22,2025-05-06
PRD_dfb8d933ef,FRT-21008,992718176384,Grapes,Fruits,2025-03-25,2025-04-08
PRD_31955ae389,FRT-67211,517619344501,Orange,Fruits,2025-03-26,2025-04-16
PRD_47aff758c7,MEA-43193,306632383250,Pork,Meat,2025-04-02,2025-04-07
PRD_d9ea4dd5d7,BAK-34887,927310508123,Bagel,Bakery,2025-04-06,2025-04-11
PRD_f1e73add2d,BEV-35936,565554960010,Soda,Beverages,2025-01-30,2025-04-30
PRD_09c7f40a8c,VEG-71915,444671841030,Potato,Vegetables,2025-02-27,2025-04-28
PRD_5b66ffad6f,VEG-32689,150000790784,Potato,Vegetables,2025-03-31,2025-05-30
PRD_61bd410b0b,VEG-31347,55050843283,Carrot,Vegetables,2025-04-01,2025-05-01
PRD_370eeee24a,BAK-44401,798114132719,Muffin,Bakery,2025-04-03,2025-04-08
PRD_256393719d,BAK-27479,922705466512,Muffin,Bakery,2025-04-03,2025-04-08
PRD_264179efd0,VEG-11135,242524236176,Carrot,Vegetables,2025-04-05,2025-05-05
PRD_09bd2eefe2,BEV-49027,381782767945,Water,Beverages,2025-02-21,2025-08-20
PRD_9ff86ec1b6,CHP-70555,967865876622,Crackers,Snacks,2025-02-24,2025-06-24
PRD_df164616a3,FRT-71913,166065218344,Apple,Fruits,2025-03-17,2025-04-16
PRD_e2b14e828f,VEG-71411,43916361106,Carrot,Vegetables,2025-03-28,2025-04-27
PRD_fb1eb62e77,MEA-97587,85964239275,Pork,Meat,2025-04-02,2025-04-07
PRD_8fdee59cb2,DRY-58752,276806484414,Cheese,Dairy,2025-03-24,2025-04-23
PRD_e109c8dd6e,FRT-62482,569321900640,Orange,Fruits,2025-04-02,2025-04-23
PRD_c44ae15fc5,DRY-24744,352079150043,Milk,Dairy,2025-04-04,2025-04-11
PRD_9db4e677d0,DRY-36073,337693320025,Milk,Dairy,2025-04-05,2025-04-12
PRD_ccbe68efce,BAK-62827,587142075780,Muffin,Bakery,2025-04-06,2025-04-11
PRD_ddc5a0c97d,CHP-49827,537530267037,Popcorn,Snacks,2024-11-05,2025-05-04
PRD_e1ddf2d850,CHP-71289,732564664179,Granola Bar,Snacks,2025-02-21,2025-05-22
PRD_490366511d,DRY-42704,203401154963,Cheese,Dairy,2025-03-24,2025-04-23
PRD_dcd8076dfa,BEV-84976,65458277527,Juice,Beverages,2025-03-28,2025-04-27
PRD_2eee873bef,MEA-56823,852374071341,Pork,Meat,2025-04-04,2025-04-09
PRD_4addd8df44,FRT-21787,520190862037,Banana,Fruits,2025-04-06,2025-04-13
PRD_93e64e434a,FRT-39879,230693315662,Banana,Fruits,2025-04-06,2025-04-13
PRD_dee1acc53e,CHP-74815,323715434142,Crackers,Snacks,2025-01-04,2025-05-04
PRD_9d1dfdd1d4,BEV-33199,331038981316,Soda,Beverages,2025-01-07,2025-04-07
PRD_b6c972edf2,VEG-67419,296136779648,Broccoli,Vegetables,2025-04-01,2025-04-08
PRD_9ad9643a17,MEA-50726,429225104464,Chicken,Meat,2025-04-06,2025-04-11
PRD_d1aaecfa3f,FRT-28907,42971763789,Orange,Fruits,2025-04-06,2025-04-27
PRD_29709978c4,DRY-50571,510167280980,Cheese,Dairy,2025-03-11,2025-04-10
PRD_426763d8b4,BEV-29769,657190865354,Water,Beverages,2025-03-26,2025-09-22
PRD_2a66a45204,DRY-81986,789991861208,Cheese,Dairy,2025-03-27,2025-04-26
PRD_fedbfe4b61,BAK-50030,123330346928,Bread,Bakery,2025-03-31,2025-04-07
PRD_f506b794f4,BAK-74740,892543748899,Bread,Bakery,2025-04-02,2025-04-09
PRD_b8cff8f75b,BAK-93132,904338120163,Bread,Bakery,2025-04-02,2025-04-09
PRD_1db61f1b31,BAK-30798,393605438748,Bagel,Bakery,2025-04-03,2025-04-08
PRD_94c05c9d95,BEV-39009,749731037664,Soda,Beverages,2025-02-19,2025-05-20
PRD_63717c08d3,CHP-21135,945450578469,Cookies,Snacks,2025-02-28,2025-04-14
PRD_ede7209d1f,FRT-19128,727355391597,Apple,Fruits,2025-03-26,2025-04-25
PRD_5136e60d06,BAK-11862,17957230620,Muffin,Bakery,2025-04-02,2025-04-07
PRD_131bb38daa,FRT-25833,576013827337,Orange,Fruits,2025-04-02,2025-04-23
PRD_989f0745fc,MEA-74985,84064632711,Pork,Meat,2025-04-05,2025-04-10
PRD_3d5e06ca8f,BEV-62886,336107175019,Soda,Beverages,2025-02-22,2025-05-23
PRD_13c9a2997e,CHP-24629,688909103017,Chips,Snacks,2025-02-24,2025-04-25
PRD_df6ba7a1ea,BEV-43099,330259403923,Soda,Beverages,2025-03-13,2025-06-11
PRD_77dc784002,BAK-48559,445988036097,Bagel,Bakery,2025-04-03,2025-04-08
PRD_ecec81d275,MEA-61279,556865856491,Chicken,Meat,2025-04-04,2025-04-09
PRD_3422299f11,MEA-73600,297736108692,Beef,Meat,2025-04-05,2025-04-12
PRD_1440da2f54,CHP-12610,626051967462,Popcorn,Snacks,2024-12-09,2025-06-07
PRD_9d5d13a1bc,VEG-95509,798720567868,Potato,Vegetables,2025-03-23,2025-05-22
PRD_017b58f401,MEA-54868,849352151554,Pork,Meat,2025-04-04,2025-04-09
PRD_be22ac4fda,MEA-14527,724937543737,Beef,Meat,2025-04-04,2025-04-11
PRD_51a4a7773c,MEA-24506,418910342128,Beef,Meat,2025-04-04,2025-04-11
PRD_e9b5fb61c1,FRT-30739,324316344233,Apple,Fruits,2025-04-06,2025-05-06
PRD_e1bbf0cae1,BEV-53334,367146860717,Soda,Beverages,2025-01-25,2025-04-25
PRD_3d4d447401,CHP-56214,639536876547,Granola Bar,Snacks,2025-03-02,2025-05-31
PRD_5f91eddf6e,FRT-26538,922168551216,Apple,Fruits,2025-03-30,2025-04-29
PRD_fbfabbf354,MEA-22634,101581226776,Beef,Meat,2025-03-31,2025-04-07
PRD_6167ffd046,BAK-22430,530319134006,Bread,Bakery,2025-04-01,2025-04-08
PRD_f432a62336,MEA-20037,742169540032,Pork,Meat,2025-04-04,2025-04-09
PRD_94f636969f,DRY-97453,3167578548,Cheese,Dairy,2025-03-12,2025-04-11
PRD_8ea36447df,DRY-36489,635724727565,Milk,Dairy,2025-04-02,2025-04-09
PRD_3d899b687f,MEA-12091,74404692793,Beef,Meat,2025-04-03,2025-04-10
PRD_d2df8ba6e4,BAK-55637,424960672105,Bagel,Bakery,2025-04-03,2025-04-08
PRD_4ba3d2d035,FRT-71371,688798488624,Orange,Fruits,2025-04-03,2025-04-24
PRD_97a340e368,CHP-54320,347553998242,Cookies,Snacks,2025-03-07,2025-04-21
PRD_cbc53e695e,DRY-78342,329852414593,Yogurt,Dairy,2025-03-26,2025-04-09
PRD_0f9e93f851,FRT-72476,328470937056,Orange,Fruits,2025-04-02,2025-04-23
PRD_e2bfe4bb13,MEA-56470,726328535808,Beef,Meat,2025-04-05,2025-04-12
PRD_f185308736,VEG-90177,209111678384,Spinach,Vegetables,2025-04-05,2025-04-10
PRD_9136f48c0b,MEA-44154,142754891996,Chicken,Meat,2025-04-06,2025-04-11
PRD_949b89dcc3,BAK-26308,197421667603,Bread,Bakery,2025-04-06,2025-04-13
PRD_056eecf060,CHP-69228,768723365164,Popcorn,Snacks,2025-02-09,2025-08-08
PRD_c283d1cb45,BEV-61885,82398693515,Water,Beverages,2025-02-18,2025-08-17
PRD_c5002d4693,MEA-59414,738485583453,Pork,Meat,2025-04-02,2025-04-07
PRD_981383361d,VEG-78891,279021829867,Broccoli,Vegetables,2025-04-03,2025-04-10
PRD_b1e57ea7e1,FRT-63877,361315316442,Grapes,Fruits,2025-04-04,2025-04-18
PRD_8632331cc4,MEA-86950,779106996886,Beef,Meat,2025-04-05,2025-04-12
PRD_b1a61186ea,DRY-74801,402985261461,Cheese,Dairy,2025-03-20,2025-04-19
PRD_43c8e8835d,BAK-25726,685035513086,Muffin,Bakery,2025-04-02,2025-04-07
PRD_4582c270ec,DRY-78018,525332563522,Milk,Dairy,2025-04-02,2025-04-09
PRD_7cc931ec44,BAK-97750,448486535964,Bagel,Bakery,2025-04-04,2025-04-09
PRD_37f6e4898d,BAK-67105,831047902617,Bagel,Bakery,2025-04-05,2025-04-10
PRD_51b41f9e09,BAK-99285,763348119823,Bread,Bakery,2025-04-06,2025-04-13
PRD_e7396b8697,MEA-30943,147431563224,Pork,Meat,2025-04-06,2025-04-11
PRD_6e04ae8912,DRY-69898,456463628085,Cheese,Dairy,2025-03-14,2025-04-13
PRD_c0172bb9b6,FRT-18210,411840209644,Apple,Fruits,2025-03-15,2025-04-14
PRD_07b8fffaf2,DRY-66139,569428652603,Milk,Dairy,2025-04-01,2025-04-08
PRD_75d86a837b,FRT-27375,305679653186,Apple,Fruits,2025-04-06,2025-05-06
PRD_185e77f6a4,FRT-21625,3711938039,Grapes,Fruits,2025-04-06,2025-04-20
PRD_7fbcc016c1,BEV-37825,771802863766,Soda,Beverages,2025-01-19,2025-04-19
PRD_b574cfbe53,BEV-93183,474392911635,Water,Beverages,2025-01-25,2025-07-24
PRD_7b0d6cee9d,CHP-78475,329921880614,Chips,Snacks,2025-03-03,2025-05-02
PRD_4bd90b6aad,BEV-28163,514224630921,Juice,Beverages,2025-03-11,2025-04-10
PRD_4e71de9bae,BEV-99849,101458679634,Soda,Beverages,2025-03-29,2025-06-27
PRD_819c196a11,CHP-32858,326727996372,Cookies,Snacks,2025-03-03,2025-04-17
PRD_d97d3ab6fc,FRT-57446,972346195446,Apple,Fruits,2025-03-15,2025-04-14
PRD_1f824fffcf,BAK-69216,294716728260,Bread,Bakery,2025-04-01,2025-04-08
PRD_af26d6a0cb,MEA-67324,347273833075,Beef,Meat,2025-04-05,2025-04-12
PRD_c8db86914f,BAK-36983,341970364022,Bread,Bakery,2025-04-06,2025-04-13
PRD_2de51f1d97,MEA-40805,940963178396,Chicken,Meat,2025-04-06,2025-04-11
PRD_b8bea47e9d,BAK-73596,709773484050,Muffin,Bakery,2025-04-06,2025-04-11
PRD_e9fb0fae38,VEG-54341,768037127653,Carrot,Vegetables,2025-03-31,2025-04-30
PRD_9521576c23,VEG-56256,242298756257,Broccoli,Vegetables,2025-04-01,2025-04-08
PRD_8cd0c2485c,MEA-60224,982817136969,Beef,Meat,2025-04-02,2025-04-09
PRD_c0c60e02ed,DRY-76341,288517334287,Yogurt,Dairy,2025-04-03,2025-04-17
PRD_07a3b9536e,FRT-47730,902428508823,Orange,Fruits,2025-04-03,2025-04-24
PRD_0adb247b7a,BAK-70411,34085526076,Bagel,Bakery,2025-04-05,2025-04-10
PRD_7b3afd019d,BEV-18919,455169244268,Water,Beverages,2024-11-13,2025-05-12
PRD_055d558d9d,FRT-53819,372510793806,Grapes,Fruits,2025-03-26,2025-04-09
PRD_62c2478232,BAK-32243,673310820481,Bagel,Bakery,2025-04-04,2025-04-09
PRD_71eb3b77df,VEG-64596,973362560775,Spinach,Vegetables,2025-04-04,2025-04-09
PRD_94acd83360,BAK-60459,424107406788,Muffin,Bakery,2025-04-04,2025-04-09
PRD_c8d4132fc2,CHP-70698,955055448172,Crackers,Snacks,2025-01-23,2025-05-23
PRD_9ac4742c5b,BEV-76889,84252869311,Water,Beverages,2025-02-26,2025-08-25
PRD_ea1791e3ff,VEG-64528,516946038452,Carrot,Vegetables,2025-03-19,2025-04-18
PRD_5771111806,FRT-86664,607164241811,Grapes,Fruits,2025-03-28,2025-04-11
PRD_3c70b25e1b,MEA-45188,699142428840,Chicken,Meat,2025-04-03,2025-04-08
PRD_f782bac253,BEV-94382,50565191394,Soda,Beverages,2025-01-19,2025-04-19
PRD_bcf52b4f08,BEV-35495,767003022268,Water,Beverages,2025-02-05,2025-08-04
PRD_e1d44e66a3,FRT-88686,263050732699,Orange,Fruits,2025-03-19,2025-04-09
PRD_a36f3e6237,CHP-18076,510997495912,Chips,Snacks,2025-03-22,2025-05-21
PRD_3bb399e6d0,BAK-23346,686460700272,Bread,Bakery,2025-04-02,2025-04-09
PRD_189303d898,MEA-81279,84783102563,Chicken,Meat,2025-04-04,2025-04-09
PRD_ab3c8a5e7f,BAK-81194,245087252525,Muffin,Bakery,2025-04-06,2025-04-11
PRD_92b40d0b3e,CHP-39890,725630633706,Cookies,Snacks,2025-03-06,2025-04-20
PRD_d2e4a5d01e,CHP-44058,571105386216,Cookies,Snacks,2025-03-14,2025-04-28
PRD_e0982820e1,BEV-92033,608665686159,Juice,Beverages,2025-03-19,2025-04-18
PRD_1fe25f025c,CHP-71468,702236460375,Cookies,Snacks,2025-04-01,2025-05-16
PRD_010768f559,BAK-16443,614691717526,Bagel,Bakery,2025-04-05,2025-04-10
PRD_28e396202d,MEA-17184,996888813704,Beef,Meat,2025-04-06,2025-04-13
PRD_b2c0fc2b68,DRY-41269,723964936621,Milk,Dairy,2025-04-06,2025-04-13
PRD_2173a8b454,CHP-45718,982573130218,Crackers,Snacks,2025-01-13,2025-05-13
PRD_48ad9acf1a,BEV-59012,484356992519,Soda,Beverages,2025-01-28,2025-04-28
PRD_547000461f,BEV-69903,968734891056,Juice,Beverages,2025-03-19,2025-04-18
PRD_f2b6d8bde7,BEV-11768,279975023873,Soda,Beverages,2025-03-26,2025-06-24
PRD_6c0029bb15,FRT-54611,277431263573,Apple,Fruits,2025-03-27,2025-04-26
PRD_e5b7b3faf2,MEA-66927,83508447031,Beef,Meat,2025-04-01,2025-04-08
PRD_0886f1d708,FRT-15242,254797134953,Grapes,Fruits,2025-04-05,2025-04-19
PRD_cfb0f36f68,CHP-65020,239799633080,Crackers,Snacks,2025-03-18,2025-07-16
PRD_6487b7d090,DRY-33828,977494381379,Yogurt,Dairy,2025-04-02,2025-04-16
PRD_cd58ca3719,VEG-58569,202926144537,Spinach,Vegetables,2025-04-03,2025-04-08
PRD_43ca188ec6,MEA-85920,549008709915,Pork,Meat,2025-04-03,2025-04-08
PRD_0a22d69c84,MEA-98361,417866834578,Beef,Meat,2025-04-04,2025-04-11
PRD_3c4a788cdb,MEA-66312,251088672671,Pork,Meat,2025-04-05,2025-04-10
PRD_c8b2978a1a,CHP-62688,414602974551,Popcorn,Snacks,2024-12-04,2025-06-02
PRD_b7db52318f,CHP-85301,909945260235,Popcorn,Snacks,2025-03-06,2025-09-02
PRD_21f1b051df,MEA-77290,90938542220,Beef,Meat,2025-03-31,2025-04-07
PRD_2ba0d848f3,BAK-64883,250384082904,Muffin,Bakery,2025-04-03,2025-04-08
PRD_fb3719fe49,MEA-42059,501623431965,Beef,Meat,2025-04-06,2025-04-13
PRD_90ab658e27,MEA-54420,553896499785,Pork,Meat,2025-04-06,2025-04-11
PRD_8fc1163b25,BEV-56954,767375095749,Water,Beverages,2025-02-07,2025-08-06
PRD_33f8e2f00c,CHP-57939,400454763845,Granola Bar,Snacks,2025-02-23,2025-05-24
PRD_57e8ad4ccd,MEA-84234,220930050844,Beef,Meat,2025-03-31,2025-04-07
PRD_7e0b32f105,MEA-31335,468976648837,Pork,Meat,2025-04-02,2025-04-07
PRD_c5a85cbe5d,BEV-21792,270096680863,Soda,Beverages,2025-04-06,2025-07-05
PRD_73d98d3ce6,CHP-48718,756022154997,Crackers,Snacks,2025-03-13,2025-07-11
PRD_d312d99cc1,BEV-42078,83461193284,Soda,Beverages,2025-03-19,2025-06-17
PRD_e35a82a850,VEG-88471,434566966790,Spinach,Vegetables,2025-04-02,2025-04-07
PRD_122aefb375,DRY-50681,653508178880,Cheese,Dairy,2025-04-03,2025-05-03
PRD_89d3ffa3c2,MEA-25887,652889585246,Beef,Meat,2025-04-03,2025-04-10
PRD_b9f0634de0,VEG-91309,264744494972,Potato,Vegetables,2025-03-12,2025-05-11
PRD_d253b1d7b1,VEG-26707,126674036624,Carrot,Vegetables,2025-03-26,2025-04-25
PRD_807f91b672,VEG-75472,179547518945,Broccoli,Vegetables,2025-03-31,2025-04-07
PRD_538f6e4f61,DRY-56913,899241850542,Milk,Dairy,2025-03-31,2025-04-07
PRD_808ad64d74,MEA-53655,722752867697,Pork,Meat,2025-04-05,2025-04-10
PRD_721a01cd87,VEG-19337,18515102398,Spinach,Vegetables,2025-04-06,2025-04-11
PRD_ed93ef118e,CHP-43765,388028975015,Cookies,Snacks,2025-03-30,2025-05-14
PRD_b7a48c2f73,MEA-69598,703883140667,Chicken,Meat,2025-04-02,2025-04-07
PRD_67f45e74de,FRT-96607,803101536226,Banana,Fruits,2025-04-04,2025-04-11
PRD_95a2a2b713,BAK-39697,722115038494,Bagel,Bakery,2025-04-04,2025-04-09
PRD_e2e2bfd048,FRT-92448,50361794156,Banana,Fruits,2025-04-05,2025-04-12
PRD_0c6b577d01,BAK-94391,488649029279,Bread,Bakery,2025-04-06,2025-04-13
PRD_527da71f1f,BEV-57143,500087890222,Water,Beverages,2025-01-20,2025-07-19
PRD_33da68bab0,VEG-74778,788952679162,Carrot,Vegetables,2025-03-15,2025-04-14
PRD_906d8764f0,DRY-76541,778382467381,Cheese,Dairy,2025-03-30,2025-04-29
PRD_7cae47727b,BAK-10032,85789749536,Bread,Bakery,2025-04-02,2025-04-09
PRD_b8a1029169,BEV-62840,764935358782,Juice,Beverages,2025-04-02,2025-05-02
PRD_1a89ae0b87,BEV-83833,890672467648,Juice,Beverages,2025-04-02,2025-05-02
PRD_d0aae82e5d,CHP-27457,250207208933,Granola Bar,Snacks,2025-01-22,2025-04-22
PRD_887c2d82c2,VEG-66843,785355084034,Potato,Vegetables,2025-02-15,2025-04-16
PRD_241b4095bb,FRT-57021,607027239042,Orange,Fruits,2025-03-17,2025-04-07
PRD_01568ed38f,FRT-29385,202723223858,Apple,Fruits,2025-04-01,2025-05-01
PRD_e9ffe30711,BAK-12294,421822501458,Muffin,Bakery,2025-04-05,2025-04-10
PRD_e860edd3d0,BEV-49923,942060603672,Water,Beverages,2024-10-19,2025-04-17
PRD_b24fea18a3,CHP-33537,936180413766,Popcorn,Snacks,2024-10-25,2025-04-23
PRD_d78a70a88f,CHP-56797,585081903513,Granola Bar,Snacks,2025-01-25,2025-04-25
PRD_abad4d99f7,VEG-18798,420956284065,Potato,Vegetables,2025-02-18,2025-04-19
PRD_ff6aaae9d2,VEG-99717,896304896427,Carrot,Vegetables,2025-03-22,2025-04-21
PRD_2493d8d4ee,VEG-59144,345256139454,Carrot,Vegetables,2025-04-04,2025-05-04
PRD_64f81b769b,BAK-33481,113167726603,Bagel,Bakery,2025-04-05,2025-04-10
PRD_abb11d7116,BEV-40893,976645552239,Soda,Beverages,2025-02-21,2025-05-22
PRD_867bd975bc,FRT-88265,84864697886,Apple,Fruits,2025-03-08,2025-04-07
PRD_6da077d5cd,BEV-83208,92644463535,Juice,Beverages,2025-03-13,2025-04-12
PRD_3d3f5e6195,MEA-53063,535502974089,Beef,Meat,2025-04-02,2025-04-09
PRD_075bb86354,VEG-71467,490020759456,Broccoli,Vegetables,2025-04-02,2025-04-09
PRD_674e782917,FRT-36185,793755460873,Orange,Fruits,2025-04-03,2025-04-24
PRD_8982d93ea5,CHP-77579,313547053549,Chips,Snacks,2025-04-05,2025-06-04
PRD_a7fa552933,BEV-60778,910395719478,Water,Beverages,2024-12-29,2025-06-27
PRD_c48d275c55,CHP-52384,262085258092,Chips,Snacks,2025-02-06,2025-04-07
PRD_fd61d05542,CHP-84814,757597740029,Granola Bar,Snacks,2025-02-16,2025-05-17
PRD_6f40d6eb4e,CHP-17127,382055288616,Cookies,Snacks,2025-02-26,2025-04-12
PRD_5b4ff362cc,VEG-49469,396777237818,Potato,Vegetables,2025-02-26,2025-04-27
PRD_f6f704b9c0,CHP-96011,708042690868,Crackers,Snacks,2025-03-30,2025-07-28
PRD_7247a8b31e,VEG-67812,878855268436,Broccoli,Vegetables,2025-03-31,2025-04-07
PRD_7e65e9be4c,FRT-96776,113753961845,Apple,Fruits,2025-03-30,2025-04-29
PRD_006b57f525,BAK-21894,11806523686,Muffin,Bakery,2025-04-04,2025-04-09
PRD_b6a74216ec,MEA-48699,360708673809,Beef,Meat,2025-04-04,2025-04-11
PRD_8aa75dc504,MEA-24402,767512532466,Chicken,Meat,2025-04-05,2025-04-10
PRD_1219c55f67,BAK-80371,563837475723,Muffin,Bakery,2025-04-06,2025-04-11
PRD_ef3fd69164,CHP-75859,296681025605,Crackers,Snacks,2025-01-05,2025-05-05
PRD_bf52e15559,CHP-48186,561948131353,Cookies,Snacks,2025-03-10,2025-04-24
PRD_c6b0c1ab07,DRY-60018,857402242439,Yogurt,Dairy,2025-04-01,2025-04-15
PRD_4f25ad6749,MEA-92195,764088515315,Chicken,Meat,2025-04-02,2025-04-07
PRD_c44e0bc163,MEA-21240,363186005755,Pork,Meat,2025-04-04,2025-04-09
PRD_4660f08e8e,MEA-19627,56354840043,Pork,Meat,2025-04-04,2025-04-09
PRD_be4ae6cad9,VEG-66772,258546540607,Spinach,Vegetables,2025-04-05,2025-04-10
PRD_db77e6b814,BEV-79196,938958572350,Water,Beverages,2025-02-11,2025-08-10
PRD_07641e8b0f,CHP-36946,551156324918,Crackers,Snacks,2025-03-28,2025-07-26
PRD_923876d0c8,MEA-92286,144982692028,Beef,Meat,2025-04-05,2025-04-12
PRD_d9c4511a44,MEA-84132,259772678363,Chicken,Meat,2025-04-06,2025-04-11
PRD_15281ac596,BAK-10831,608003174508,Bagel,Bakery,2025-04-06,2025-04-11
PRD_0e48e5466c,BEV-17738,827038728315,Water,Beverages,2025-02-21,2025-08-20
PRD_720ce0f316,CHP-42363,71254359360,Granola Bar,Snacks,2025-03-31,2025-06-29
PRD_cf94e46a2f,DRY-19634,883129752020,Milk,Dairy,2025-04-01,2025-04-08
PRD_4ebc6f5193,DRY-88435,362517059633,Milk,Dairy,2025-04-02,2025-04-09
PRD_21d0887c77,DRY-15052,283216109497,Milk,Dairy,2025-04-03,2025-04-10
PRD_360544475b,DRY-19573,1658332831,Milk,Dairy,2025-04-02,2025-04-09
PRD_92410433c6,DRY-30571,784376137323,Yogurt,Dairy,2025-04-03,2025-04-17
PRD_1450c47f31,MEA-59055,741448256559,Pork,Meat,2025-04-03,2025-04-08
PRD_a79e66bf1a,VEG-34270,128396407494,Broccoli,Vegetables,2025-04-04,2025-04-11
PRD_e314a46796,VEG-26672,686487099858,Broccoli,Vegetables,2025-04-06,2025-04-13
PRD_05acc01317,CHP-76384,992511821945,Crackers,Snacks,2025-01-02,2025-05-02
PRD_1772c624fe,BEV-22548,358880393257,Water,Beverages,2025-02-16,2025-08-15
PRD_6a4ebb283f,MEA-73400,841302103251,Beef,Meat,2025-04-02,2025-04-09
PRD_7722fecc17,DRY-55676,129567583395,Milk,Dairy,2025-04-04,2025-04-11
PRD_7df5a2ba7b,FRT-47490,783882538313,Banana,Fruits,2025-04-05,2025-04-12
PRD_c076e1c39c,DRY-85674,897203239391,Milk,Dairy,2025-04-06,2025-04-13
PRD_6efc9d0cbd,CHP-59869,856958810550,Cookies,Snacks,2025-02-25,2025-04-11
PRD_0e5620443b,DRY-37030,307037442138,Cheese,Dairy,2025-03-16,2025-04-15
PRD_19c22d7112,BAK-82400,406557364849,Bagel,Bakery,2025-04-03,2025-04-08
PRD_e4a8bc6e4e,MEA-92643,461601556236,Chicken,Meat,2025-04-03,2025-04-08
PRD_7b9aa3e598,BEV-10832,524069550994,Juice,Beverages,2025-04-03,2025-05-03
PRD_cfb8b14af5,VEG-14101,134062279586,Carrot,Vegetables,2025-03-20,2025-04-19
PRD_9bbdc166df,CHP-71202,581153138533,Chips,Snacks,2025-03-29,2025-05-28
PRD_15e299a7bb,DRY-19028,982100933947,Yogurt,Dairy,2025-04-01,2025-04-15
PRD_e8b358f213,VEG-10413,437403485781,Spinach,Vegetables,2025-04-04,2025-04-09
PRD_66a429273c,DRY-42597,257181670970,Yogurt,Dairy,2025-04-06,2025-04-20
PRD_00607dd228,DRY-54469,180959908772,Cheese,Dairy,2025-03-14,2025-04-13
PRD_85ef36ed4d,MEA-45142,24204237215,Pork,Meat,2025-04-02,2025-04-07
PRD_74f4469ea7,MEA-80790,617296675717,Chicken,Meat,2025-04-02,2025-04-07
PRD_8db57b8fdf,DRY-51095,358606499931,Milk,Dairy,2025-04-04,2025-04-11
PRD_635a8dd3e8,BAK-86301,788564885728,Bagel,Bakery,2025-04-05,2025-04-10
PRD_25013c5935,MEA-27926,193452178271,Chicken,Meat,2025-04-05,2025-04-10
PRD_08af836392,VEG-62431,835147840338,Potato,Vegetables,2025-02-26,2025-04-27
PRD_4309584baf,MEA-98072,983570011815,Beef,Meat,2025-03-31,2025-04-07
PRD_89fee06882,MEA-99926,880819410928,Beef,Meat,2025-04-03,2025-04-10
PRD_eec758c893,BAK-82239,941187846366,Bagel,Bakery,2025-04-03,2025-04-08
PRD_7128df82b7,FRT-92030,373293904542,Grapes,Fruits,2025-04-05,2025-04-19
PRD_7729eb3a90,FRT-89121,820629245718,Apple,Fruits,2025-04-06,2025-05-06
PRD_56ab06e3cc,CHP-65105,644931606763,Chips,Snacks,2025-03-27,2025-05-26
PRD_846a2474cf,BAK-17316,813613026413,Bread,Bakery,2025-04-01,2025-04-08
PRD_ae8feff2f5,VEG-96061,940833871870,Spinach,Vegetables,2025-04-02,2025-04-07
PRD_b98dc1f05e,BAK-14187,573695136326,Bagel,Bakery,2025-04-02,2025-04-07
PRD_8be260c9b6,DRY-70705,579819480821,Yogurt,Dairy,2025-04-05,2025-04-19
PRD_b11b281177,MEA-78712,207688358333,Chicken,Meat,2025-04-06,2025-04-11
PRD_dbca3c1b30,FRT-46009,712043608998,Grapes,Fruits,2025-03-28,2025-04-11
PRD_7b81b15e62,DRY-42279,763566890748,Yogurt,Dairy,2025-04-01,2025-04-15
PRD_090a752231,MEA-13841,6889584070,Pork,Meat,2025-04-02,2025-04-07
PRD_f0b6d7f568,MEA-53071,205408314806,Chicken,Meat,2025-04-03,2025-04-08
PRD_dfecdfc170,BAK-52146,843028910567,Bagel,Bakery,2025-04-04,2025-04-09
PRD_18b38aef01,BEV-29180,94454686832,Soda,Beverages,2025-01-09,2025-04-09
PRD_6968193c41,VEG-96470,811236149819,Potato,Vegetables,2025-02-07,2025-04-08
PRD_e710cdd3e2,DRY-90370,558588018213,Cheese,Dairy,2025-04-02,2025-05-02
PRD_666561cb16,VEG-55741,437813618708,Broccoli,Vegetables,2025-04-04,2025-04-11
PRD_c51d211d4f,BAK-65789,621337490894,Muffin,Bakery,2025-04-04,2025-04-09
PRD_93556fc4be,BEV-48418,365280876582,Juice,Beverages,2025-04-04,2025-05-04
PRD_b08ce83e05,BAK-88982,247900521283,Bagel,Bakery,2025-04-05,2025-04-10
PRD_d421ebea0c,CHP-55785,489715052944,Chips,Snacks,2025-03-13,2025-05-12
PRD_ee119e95aa,VEG-84085,374471959187,Spinach,Vegetables,2025-04-02,2025-04-07
PRD_ba973e4183,MEA-23543,843828704234,Pork,Meat,2025-04-02,2025-04-07
PRD_12e3999153,MEA-48797,567587820339,Pork,Meat,2025-04-02,2025-04-07
PRD_b9de1532f0,BAK-49286,321054926114,Bread,Bakery,2025-04-03,2025-04-10
PRD_0cca0bc8bd,BEV-20620,229603357173,Soda,Beverages,2025-02-08,2025-05-09
PRD_52a06d05ff,CHP-81677,461289321351,Chips,Snacks,2025-02-21,2025-04-22
PRD_1032342e6b,CHP-81108,250956695540,Cookies,Snacks,2025-03-09,2025-04-23
PRD_11703fae50,VEG-75252,783369771402,Carrot,Vegetables,2025-03-23,2025-04-22
PRD_2aa7ac8869,DRY-67038,245100544969,Milk,Dairy,2025-04-01,2025-04-08
PRD_284e3a1109,BAK-58593,293865982048,Muffin,Bakery,2025-04-02,2025-04-07
PRD_b0517ac80d,FRT-28272,906311273507,Grapes,Fruits,2025-04-03,2025-04-17
PRD_1568ae09e8,BEV-69885,795107523502,Water,Beverages,2025-01-09,2025-07-08
PRD_c59605d804,DRY-53713,50096738207,Yogurt,Dairy,2025-03-26,2025-04-09
PRD_f714a51938,MEA-88596,74244533010,Chicken,Meat,2025-04-03,2025-04-08
PRD_cc3cb6303d,VEG-88668,769275103784,Broccoli,Vegetables,2025-04-04,2025-04-11
PRD_ef92626b70,MEA-93761,671006472682,Chicken,Meat,2025-04-05,2025-04-10
PRD_9b2419e821,BEV-10852,609643257932,Water,Beverages,2024-11-16,2025-05-15
PRD_9fbea00641,CHP-43714,942266700674,Crackers,Snacks,2024-12-20,2025-04-19
PRD_fb489eec46,FRT-34008,580162172505,Apple,Fruits,2025-03-08,2025-04-07
PRD_c65c977ddb,BEV-55069,506159861773,Juice,Beverages,2025-03-14,2025-04-13
PRD_6b15a1dccd,DRY-40794,630349109810,Yogurt,Dairy,2025-04-01,2025-04-15
PRD_3bfdc5fd96,BAK-85788,632343267448,Bagel,Bakery,2025-04-02,2025-04-07
PRD_7673f8dd4d,CHP-28656,629204481632,Granola Bar,Snacks,2025-03-10,2025-06-08
PRD_1a65b723e9,DRY-15407,824098109403,Cheese,Dairy,2025-03-30,2025-04-29
PRD_3de34de657,DRY-34146,768225721179,Cheese,Dairy,2025-03-31,2025-04-30
PRD_2030bc890a,DRY-60648,601585073782,Yogurt,Dairy,2025-04-01,2025-04-15
PRD_03b0cbfd8b,BAK-38386,574267516771,Muffin,Bakery,2025-04-02,2025-04-07
PRD_7dc58539fa,DRY-95090,110381914392,Milk,Dairy,2025-04-05,2025-04-12
PRD_d17ab95a07,MEA-52587,609471669103,Chicken,Meat,2025-04-06,2025-04-11
PRD_e3a0a69654,VEG-75070,863951946826,Carrot,Vegetables,2025-03-09,2025-04-08
PRD_10e78f00db,MEA-74153,265557859755,Pork,Meat,2025-04-02,2025-04-07
PRD_c1126e07a8,MEA-14038,967330960321,Beef,Meat,2025-04-03,2025-04-10
PRD_9a94c634a4,VEG-69226,705692896602,Potato,Vegetables,2025-04-03,2025-06-02
PRD_b35db5bd66,BAK-80784,592983190213,Muffin,Bakery,2025-04-06,2025-04-11
PRD_59d69cf2d7,BEV-94149,329766600132,Juice,Beverages,2025-03-20,2025-04-19
PRD_313246fa4e,DRY-41149,517616019281,Yogurt,Dairy,2025-03-28,2025-04-11
PRD_029b316d68,VEG-45696,394288388915,Carrot,Vegetables,2025-03-30,2025-04-29
PRD_407328ff5d,VEG-32043,604490155701,Broccoli,Vegetables,2025-04-04,2025-04-11
PRD_84c94cdeda,DRY-14383,773673967467,Milk,Dairy,2025-04-05,2025-04-12
PRD_74d0fdc4f9,CHP-53669,989840939433,Crackers,Snacks,2025-01-01,2025-05-01
PRD_a06ad08aba,CHP-60593,313871010764,Granola Bar,Snacks,2025-02-11,2025-05-12
PRD_66396c4c18,BEV-19046,34964136460,Juice,Beverages,2025-03-09,2025-04-08
PRD_e8c880a0bf,CHP-83751,6667587270,Granola Bar,Snacks,2025-03-25,2025-06-23
PRD_722d3d1054,BAK-82634,551935430222,Muffin,Bakery,2025-04-04,2025-04-09
PRD_d34ffa7ee2,BAK-97376,627019272360,Bread,Bakery,2025-04-05,2025-04-12
PRD_f2892d62e5,CHP-18008,551648413588,Popcorn,Snacks,2024-11-08,2025-05-07
PRD_fe87fd40e0,CHP-31833,827060433098,Chips,Snacks,2025-03-06,2025-05-05
PRD_31131586c4,FRT-39583,863291026105,Orange,Fruits,2025-03-23,2025-04-13
PRD_684d2ca6c9,FRT-95558,753807544190,Apple,Fruits,2025-03-23,2025-04-22
PRD_dd1ac5f97e,BAK-71725,801563835880,Bagel,Bakery,2025-04-02,2025-04-07
PRD_1719fd13e5,BEV-34003,155739174866,Juice,Beverages,2025-04-02,2025-05-02
PRD_b17ecfcd8e,MEA-94389,895465472883,Chicken,Meat,2025-04-05,2025-04-10
PRD_eab6ef300c,CHP-30177,46152977483,Crackers,Snacks,2025-01-15,2025-05-15
PRD_aaeb7ec956,BAK-67001,460058512709,Bagel,Bakery,2025-04-02,2025-04-07
PRD_9a5c7d51f5,VEG-24460,881559220867,Spinach,Vegetables,2025-04-04,2025-04-09
PRD_ed539061ae,MEA-36155,352467785029,Beef,Meat,2025-04-04,2025-04-11
PRD_a05a233383,MEA-54535,484895013338,Pork,Meat,2025-04-05,2025-04-10
PRD_aed2449098,DRY-26666,115171747892,Cheese,Dairy,2025-04-05,2025-05-05
PRD_3e01406a77,DRY-53730,274834649797,Cheese,Dairy,2025-04-06,2025-05-06
PRD_6c3d231757,CHP-21134,585348848795,Popcorn,Snacks,2025-01-15,2025-07-14
PRD_eee4365405,CHP-66077,229903232465,Crackers,Snacks,2025-01-24,2025-05-24
PRD_0895f86cd5,VEG-15691,970452382142,Potato,Vegetables,2025-02-17,2025-04-18
PRD_6d91c11aac,VEG-62964,424503202432,Broccoli,Vegetables,2025-04-05,2025-04-12
PRD_f3fc699783,FRT-54719,528002001150,Banana,Fruits,2025-04-05,2025-04-12
PRD_fc4d2d1679,CHP-46562,699764584393,Popcorn,Snacks,2024-10-25,2025-04-23
PRD_aec97db778,BEV-99416,238548531390,Water,Beverages,2024-11-01,2025-04-30
PRD_387c204f05,CHP-32647,840085104741,Cookies,Snacks,2025-03-14,2025-04-28
PRD_d303708f50,BEV-13744,693486390026,Juice,Beverages,2025-03-26,2025-04-25
PRD_f06b73c112,FRT-54252,946910308147,Banana,Fruits,2025-03-31,2025-04-07
PRD_53b5601fc0,MEA-53091,693348563665,Beef,Meat,2025-04-01,2025-04-08
PRD_1d29c313da,BEV-41073,482466188449,Soda,Beverages,2025-04-05,2025-07-04
PRD_7e2b77b465,BEV-27688,964486608224,Soda,Beverages,2025-02-18,2025-05-19
PRD_30a9ac49ab,VEG-80455,782801840614,Carrot,Vegetables,2025-03-21,2025-04-20
PRD_8c5a7a00fb,BEV-72345,762588986404,Water,Beverages,2025-03-30,2025-09-26
PRD_3e39ffdfc1,DRY-26239,488706961401,Milk,Dairy,2025-04-02,2025-04-09
PRD_65d18fc7ef,BAK-75238,606593938783,Bagel,Bakery,2025-04-02,2025-04-07
PRD_d8941b8af7,VEG-46326,397803757584,Carrot,Vegetables,2025-03-11,2025-04-10
PRD_ea1ced1643,FRT-12350,460699927026,Apple,Fruits,2025-03-12,2025-04-11
PRD_8fae68f794,DRY-15341,24027270186,Cheese,Dairy,2025-03-26,2025-04-25
PRD_b4caaab7c2,DRY-48920,92037602075,Yogurt,Dairy,2025-03-26,2025-04-09
PRD_9231729db4,MEA-68000,6674548933,Beef,Meat,2025-03-31,2025-04-07
PRD_c542b128f7,VEG-17647,411774116413,Broccoli,Vegetables,2025-04-02,2025-04-09
PRD_3d86b1897e,DRY-68372,305322638574,Milk,Dairy,2025-04-03,2025-04-10
PRD_50b6465476,BEV-79428,567065645456,Soda,Beverages,2025-02-11,2025-05-12
PRD_9c3800f50c,VEG-47060,865018561660,Carrot,Vegetables,2025-03-12,2025-04-11
PRD_0633a25403,BEV-45562,5960545968,Juice,Beverages,2025-03-19,2025-04-18
PRD_c01b082523,MEA-55625,362971373957,Chicken,Meat,2025-04-03,2025-04-08
PRD_259f159e13,MEA-37489,341785673116,Chicken,Meat,2025-04-03,2025-04-08
PRD_eaa63d751b,MEA-88952,961505685040,Pork,Meat,2025-04-06,2025-04-11
PRD_0475f9a7de,CHP-91067,288259029110,Granola Bar,Snacks,2025-01-10,2025-04-10
PRD_32a6f41fd1,FRT-96361,183966041606,Orange,Fruits,2025-03-29,2025-04-19
PRD_31df66c3d5,DRY-23276,576837687952,Yogurt,Dairy,2025-03-31,2025-04-14
PRD_e17c66332a,VEG-72665,559681908116,Broccoli,Vegetables,2025-04-02,2025-04-09
PRD_02abeabbaa,VEG-25520,603902529952,Broccoli,Vegetables,2025-04-02,2025-04-09
PRD_a1f2658d43,BAK-27136,399469224856,Muffin,Bakery,2025-04-02,2025-04-07
PRD_fedeb4899b,MEA-21522,604695291399,Chicken,Meat,2025-04-04,2025-04-09
PRD_b02b5e1c84,DRY-64538,356624073158,Cheese,Dairy,2025-03-10,2025-04-09
PRD_21123c2001,VEG-82966,912979042611,Carrot,Vegetables,2025-03-25,2025-04-24
PRD_8a3c9cc732,BEV-88801,84912803419,Juice,Beverages,2025-03-30,2025-04-29
PRD_ceafe1e721,DRY-61464,906734505367,Yogurt,Dairy,2025-03-31,2025-04-14
PRD_f9a67573dd,MEA-69541,689708027302,Pork,Meat,2025-04-02,2025-04-07
PRD_9da49d23c1,DRY-11459,316928303714,Cheese,Dairy,2025-04-04,2025-05-04
PRD_d8de3f27dc,VEG-89477,345339307035,Spinach,Vegetables,2025-04-06,2025-04-11
PRD_299b2fba13,CHP-73423,290772309753,Granola Bar,Snacks,2025-03-14,2025-06-12
PRD_afe9fbf1fb,FRT-58445,711673469710,Orange,Fruits,2025-04-01,2025-04-22
PRD_c4b9711893,MEA-90412,528368768502,Chicken,Meat,2025-04-02,2025-04-07
PRD_8af2309b49,MEA-95917,872410602656,Pork,Meat,2025-04-04,2025-04-09
PRD_7baf3dc673,FRT-43245,960437824044,Banana,Fruits,2025-04-06,2025-04-13
PRD_9c0da194b5,BAK-53891,912093836209,Bagel,Bakery,2025-04-06,2025-04-11
PRD_e9091d1d15,BEV-68101,118812600022,Water,Beverages,2024-11-22,2025-05-21
PRD_469ee2efee,DRY-64173,930916375421,Yogurt,Dairy,2025-03-24,2025-04-07
PRD_7bba7231b0,VEG-46180,556523487671,Carrot,Vegetables,2025-03-29,2025-04-28
PRD_a104386872,MEA-94963,327157548114,Pork,Meat,2025-04-04,2025-04-09
PRD_86a4008819,FRT-65179,186739237886,Grapes,Fruits,2025-04-06,2025-04-20
PRD_9e0d8f75d5,CHP-21024,765619964580,Granola Bar,Snacks,2025-01-19,2025-04-19
PRD_517db9f09a,CHP-33989,145127978736,Chips,Snacks,2025-02-06,2025-04-07
PRD_eb4c9b23ac,CHP-18504,557861404765,Chips,Snacks,2025-03-12,2025-05-11
PRD_e8b2d6cd37,VEG-28009,855412269969,Carrot,Vegetables,2025-03-22,2025-04-21
PRD_83272346a8,MEA-52106,341983678214,Beef,Meat,2025-03-31,2025-04-07
PRD_1c84ba1a24,MEA-69479,216883180876,Pork,Meat,2025-04-04,2025-04-09
PRD_74c0d3113d,CHP-44903,194555705395,Crackers,Snacks,2025-01-05,2025-05-05
PRD_1ed01cc1cd,DRY-91697,407913004857,Cheese,Dairy,2025-03-14,2025-04-13
PRD_41b38f86c8,DRY-49513,572797428636,Cheese,Dairy,2025-03-16,2025-04-15
PRD_6a4c2fc801,BEV-55662,268118881605,Soda,Beverages,2025-03-19,2025-06-17
PRD_e6bea8d0f2,DRY-60023,655934723070,Yogurt,Dairy,2025-03-27,2025-04-10
PRD_c4aa76c325,BAK-23801,270271042272,Muffin,Bakery,2025-04-03,2025-04-08
PRD_1f95d6dc20,BAK-37684,964060504351,Bagel,Bakery,2025-04-05,2025-04-10
PRD_8468c01332,BEV-83328,404148443306,Water,Beverages,2024-10-25,2025-04-23
PRD_64a2c9931a,CHP-88648,224063944894,Crackers,Snacks,2024-12-23,2025-04-22
PRD_1fc2178d53,BEV-46677,471220991370,Soda,Beverages,2025-03-27,2025-06-25
PRD_40f52e94a4,BAK-17826,617536805084,Bread,Bakery,2025-04-03,2025-04-10
PRD_201f9608d3,DRY-97730,294121464993,Cheese,Dairy,2025-04-03,2025-05-03
PRD_5c9883d7c7,CHP-35001,175944062188,Granola Bar,Snacks,2025-01-31,2025-05-01
PRD_31ed68f61a,CHP-31155,253385062884,Granola Bar,Snacks,2025-02-22,2025-05-23
PRD_0d1913fa63,FRT-40217,876221878167,Orange,Fruits,2025-03-17,2025-04-07
PRD_c72e0f24d1,FRT-73100,133861492716,Grapes,Fruits,2025-03-31,2025-04-14
PRD_6d0955c306,MEA-68101,2864722909,Chicken,Meat,2025-04-02,2025-04-07
PRD_3e60eec7e1,CHP-51573,857952412045,Chips,Snacks,2025-04-02,2025-06-01
PRD_388c023cf6,FRT-33300,610023339325,Banana,Fruits,2025-04-03,2025-04-10
PRD_7bb29da660,CHP-37674,377774592005,Crackers,Snacks,2025-01-01,2025-05-01
PRD_44d9a30568,BEV-75612,952133263277,Water,Beverages,2025-02-01,2025-07-31
PRD_423978bd36,BEV-64907,787701499016,Soda,Beverages,2025-02-13,2025-05-14
PRD_e8200aee6f,VEG-52100,418935374524,Carrot,Vegetables,2025-03-08,2025-04-07
PRD_df030ee187,FRT-18756,334595564638,Orange,Fruits,2025-04-02,2025-04-23
PRD_6b9b3818fa,DRY-10520,206203031319,Milk,Dairy,2025-04-04,2025-04-11
PRD_0eceba6fd6,BEV-76627,194440115526,Water,Beverages,2025-03-02,2025-08-29
PRD_91097f0188,VEG-68483,548662906017,Potato,Vegetables,2025-03-13,2025-05-12
PRD_5a73045629,FRT-47191,84854016224,Apple,Fruits,2025-03-15,2025-04-14
PRD_e70558e687,BEV-77008,356367594727,Juice,Beverages,2025-03-31,2025-04-30
PRD_cc648a40a8,BAK-56510,294897469821,Bread,Bakery,2025-04-02,2025-04-09
PRD_fd0758aa69,MEA-43122,629106043977,Pork,Meat,2025-04-02,2025-04-07
PRD_6c32a6b454,CHP-77736,145215955985,Crackers,Snacks,2024-12-29,2025-04-28
PRD_9d6ee87759,VEG-37989,312015617803,Potato,Vegetables,2025-03-24,2025-05-23
PRD_ceb5eda78e,CHP-33471,580560367773,Popcorn,Snacks,2025-03-26,2025-09-22
PRD_5262d76348,FRT-58430,119431621696,Grapes,Fruits,2025-03-28,2025-04-11
PRD_dcdba7bce5,CHP-15316,539352565847,Chips,Snacks,2025-03-28,2025-05-27
PRD_2342f96354,VEG-93834,509286149420,Spinach,Vegetables,2025-04-03,2025-04-08
PRD_1a202c0d0f,DRY-69106,15115819012,Milk,Dairy,2025-04-05,2025-04-12
PRD_d0d4005db8,FRT-98819,136413717722,Orange,Fruits,2025-03-26,2025-04-16
PRD_d4362f224e,DRY-11500,501018727549,Yogurt,Dairy,2025-03-30,2025-04-13
PRD_ff0d517133,FRT-51317,94486363362,Orange,Fruits,2025-04-01,2025-04-22
PRD_fc45719933,FRT-85689,449947202616,Apple,Fruits,2025-04-03,2025-05-03
PRD_8ca5a63527,MEA-65530,955892457786,Beef,Meat,2025-04-04,2025-04-11
PRD_55b48947ed,FRT-47473,968202407804,Grapes,Fruits,2025-04-04,2025-04-18
PRD_22659bee74,FRT-68015,367352251847,Banana,Fruits,2025-04-05,2025-04-12
PRD_1c8f8da715,CHP-49275,507026387763,Crackers,Snacks,2025-01-31,2025-05-31
PRD_f33a1d56e2,DRY-19156,991805893438,Cheese,Dairy,2025-03-16,2025-04-15
PRD_998a722427,BEV-37120,854098593463,Juice,Beverages,2025-03-23,2025-04-22
PRD_71d38327c4,DRY-80585,914162444771,Yogurt,Dairy,2025-04-01,2025-04-15
PRD_bfe7ab9454,BAK-78705,513477330450,Bread,Bakery,2025-04-03,2025-04-10
PRD_c157cba9ae,FRT-73477,889628387147,Banana,Fruits,2025-04-03,2025-04-10
PRD_900c12b425,BEV-17530,173967709268,Juice,Beverages,2025-03-13,2025-04-12
PRD_d79a8d5dbe,FRT-45169,926667300452,Apple,Fruits,2025-03-14,2025-04-13
PRD_d53fd8409c,DRY-49544,98478176967,Cheese,Dairy,2025-03-16,2025-04-15
PRD_e21967bd54,DRY-83933,438157568611,Milk,Dairy,2025-04-01,2025-04-08
PRD_914aefaaba,BAK-17364,69795317191,Muffin,Bakery,2025-04-02,2025-04-07
PRD_3b907dfa43,BAK-91374,668195116545,Bagel,Bakery,2025-04-03,2025-04-08
PRD_22f061d33f,MEA-42195,192106595831,Pork,Meat,2025-04-06,2025-04-11
PRD_6cb92b62d4,BEV-48020,361336278228,Soda,Beverages,2025-01-17,2025-04-17
PRD_8b46cb037b,BEV-21858,721729727540,Water,Beverages,2025-02-06,2025-08-05
PRD_7dc1ed9d9a,CHP-23051,96552642799,Cookies,Snacks,2025-03-02,2025-04-16
PRD_faaf73e556,DRY-55615,678521310329,Cheese,Dairy,2025-03-28,2025-04-27
PRD_00241eda46,FRT-78791,66539368512,Orange,Fruits,2025-04-02,2025-04-23
PRD_2f311057c4,MEA-38424,673338032878,Pork,Meat,2025-04-04,2025-04-09
PRD_cef112e9bf,CHP-93465,493694269720,Granola Bar,Snacks,2025-02-16,2025-05-17
PRD_8ca38c34cf,VEG-51923,469354320558,Carrot,Vegetables,2025-03-14,2025-04-13
PRD_f63f8123f8,BAK-87626,235584994528,Bread,Bakery,2025-04-01,2025-04-08
PRD_2c31934856,DRY-77802,118825381244,Milk,Dairy,2025-04-02,2025-04-09
PRD_06c7dc8639,BAK-86776,926478657068,Bread,Bakery,2025-04-03,2025-04-10
PRD_7b1d9ff9cc,BAK-54976,633778851327,Bagel,Bakery,2025-04-04,2025-04-09
PRD_1e285d4c0f,BAK-19136,942703569120,Muffin,Bakery,2025-04-04,2025-04-09
PRD_b6b95fb25a,VEG-95045,230293777427,Potato,Vegetables,2025-03-20,2025-05-19
PRD_d009a1e844,MEA-41976,121577010214,Chicken,Meat,2025-04-03,2025-04-08
PRD_8375da64e7,MEA-35003,929778299434,Chicken,Meat,2025-04-03,2025-04-08
PRD_546a173e93,BAK-17148,359806939923,Muffin,Bakery,2025-04-03,2025-04-08
PRD_aeff6e866e,MEA-40373,844731793362,Beef,Meat,2025-04-04,2025-04-11
PRD_4568df7fa3,BAK-93555,977515572687,Bagel,Bakery,2025-04-05,2025-04-10
PRD_0a3d7deb76,CHP-31976,279429465462,Crackers,Snacks,2025-03-11,2025-07-09
PRD_0971660f62,VEG-99953,187799659169,Carrot,Vegetables,2025-03-16,2025-04-15
PRD_b882924c66,VEG-15421,733094519161,Broccoli,Vegetables,2025-03-31,2025-04-07
PRD_c030ee78c1,FRT-45741,21868882293,Orange,Fruits,2025-04-01,2025-04-22
PRD_ed3f56dbd2,BAK-83491,99749232597,Muffin,Bakery,2025-04-03,2025-04-08
PRD_cee0e76f66,BAK-25986,248121681418,Muffin,Bakery,2025-04-04,2025-04-09
PRD_cbe1cc19dc,BEV-27388,388619069502,Soda,Beverages,2025-01-27,2025-04-27
PRD_bcb9a617cf,CHP-43490,232156097137,Chips,Snacks,2025-02-21,2025-04-22
PRD_00321f1c19,VEG-73623,970853074994,Potato,Vegetables,2025-03-03,2025-05-02
PRD_ddf99425b8,DRY-87938,409795212049,Yogurt,Dairy,2025-03-28,2025-04-11
PRD_72a81aa9fc,DRY-78614,251858972656,Cheese,Dairy,2025-03-29,2025-04-28
PRD_62914c1915,BAK-80518,882360680407,Bagel,Bakery,2025-04-03,2025-04-08
PRD_9cdf07112d,VEG-81121,72595224792,Carrot,Vegetables,2025-04-05,2025-05-05
PRD_a390a750e1,CHP-44196,649288632940,Crackers,Snacks,2024-12-13,2025-04-12
PRD_0a02f81445,BEV-73727,93142730672,Water,Beverages,2025-01-22,2025-07-21
PRD_db83470315,CHP-13008,786850402936,Cookies,Snacks,2025-03-09,2025-04-23
PRD_0b456c326f,DRY-25484,66075181647,Cheese,Dairy,2025-03-29,2025-04-28
PRD_42a05cddce,FRT-97800,580340514114,Orange,Fruits,2025-03-31,2025-04-21
PRD_91c00977db,BAK-16944,689904045553,Muffin,Bakery,2025-04-04,2025-04-09
PRD_6093f628e1,VEG-29700,769199672627,Potato,Vegetables,2025-02-13,2025-04-14
PRD_e8672afb28,BEV-46873,962506902140,Soda,Beverages,2025-02-22,2025-05-23
PRD_90e00ee3e7,FRT-93177,702009811897,Apple,Fruits,2025-03-20,2025-04-19
PRD_7ef7b2ff90,BEV-57709,154804743257,Juice,Beverages,2025-03-22,2025-04-21
PRD_f05cba6776,DRY-36363,485894320721,Yogurt,Dairy,2025-03-31,2025-04-14
PRD_d0d35aca14,MEA-70849,139970569897,Beef,Meat,2025-04-04,2025-04-11
PRD_958ce51cfa,BAK-76539,485786320549,Bagel,Bakery,2025-04-05,2025-04-10
PRD_534f6d3711,CHP-25776,924300897578,Granola Bar,Snacks,2025-01-20,2025-04-20
PRD_68c37559b3,VEG-50150,14466791164,Potato,Vegetables,2025-02-26,2025-04-27
PRD_831b2db32e,MEA-92526,564972609415,Beef,Meat,2025-04-01,2025-04-08
PRD_a7003d98b9,FRT-95126,900331920184,Banana,Fruits,2025-04-01,2025-04-08
PRD_7f108edcec,VEG-85513,521719310842,Spinach,Vegetables,2025-04-05,2025-04-10
PRD_794a34c91d,BEV-45517,501900458682,Water,Beverages,2025-01-05,2025-07-04
PRD_d0c58fe13d,VEG-64675,100962082713,Potato,Vegetables,2025-02-18,2025-04-19
PRD_d2105be7d9,VEG-91918,971088437753,Broccoli,Vegetables,2025-03-31,2025-04-07
PRD_e02c852a95,FRT-59730,552773639695,Banana,Fruits,2025-04-04,2025-04-11
PRD_d642935cb9,VEG-41583,882856635866,Spinach,Vegetables,2025-04-05,2025-04-10
PRD_9ef1d3b857,FRT-98588,882927445380,Grapes,Fruits,2025-04-06,2025-04-20
PRD_3140eba0cd,VEG-65338,211287226570,Spinach,Vegetables,2025-04-06,2025-04-11
PRD_5db561ee48,CHP-65580,28400630887,Chips,Snacks,2025-03-03,2025-05-02
PRD_50487903d5,CHP-57192,793032279158,Popcorn,Snacks,2024-12-16,2025-06-14
PRD_8fb8e87073,VEG-33775,328374549552,Potato,Vegetables,2025-03-19,2025-05-18
PRD_8f06eaa19b,VEG-37069,189477255813,Broccoli,Vegetables,2025-03-31,2025-04-07
PRD_281e138951,MEA-55546,614708788963,Beef,Meat,2025-04-01,2025-04-08
PRD_7cb0821e91,MEA-83016,802720869731,Chicken,Meat,2025-04-03,2025-04-08
PRD_ac5e32b99a,MEA-55571,923860668007,Pork,Meat,2025-04-06,2025-04-11
PRD_58aacc831d,MEA-28672,704449255087,Pork,Meat,2025-04-06,2025-04-11
PRD_c7ead21008,VEG-44332,785373421743,Potato,Vegetables,2025-03-07,2025-05-06
PRD_9526e9a1ef,VEG-65461,819485727068,Carrot,Vegetables,2025-03-12,2025-04-11
PRD_75f25f4cc3,FRT-62005,937119056413,Orange,Fruits,2025-03-24,2025-04-14
PRD_52b82b116b,DRY-91809,968096582804,Cheese,Dairy,2025-03-30,2025-04-29
PRD_361169a88d,BAK-36943,767975386273,Bagel,Bakery,2025-04-04,2025-04-09
PRD_e4f58a95f1,CHP-55206,461480038926,Crackers,Snacks,2025-02-01,2025-06-01
PRD_9d8bb84893,BEV-71611,711202497815,Water,Beverages,2025-02-26,2025-08-25
PRD_ac675aa3cf,DRY-55157,559903649637,Milk,Dairy,2025-04-04,2025-04-11
PRD_7cba9cc0ba,DRY-21553,422738257619,Milk,Dairy,2025-04-04,2025-04-11
PRD_c0e9be33eb,VEG-78924,521272082186,Carrot,Vegetables,2025-04-06,2025-05-06
PRD_bd93fedbe3,MEA-75355,449718627180,Pork,Meat,2025-04-06,2025-04-11
PRD_ece2e15f2a,FRT-58500,748913457099,Banana,Fruits,2025-04-06,2025-04-13
PRD_63218f2029,CHP-98011,533889195697,Granola Bar,Snacks,2025-01-13,2025-04-13
PRD_4af7fcd3cd,CHP-77959,127410779571,Chips,Snacks,2025-02-07,2025-04-08
PRD_ab7750d1d9,CHP-74918,714089389936,Popcorn,Snacks,2025-02-24,2025-08-23
PRD_11a8b62973,BAK-49485,572437191071,Muffin,Bakery,2025-04-02,2025-04-07
PRD_ab8bb731c9,BAK-95980,481232694277,Bagel,Bakery,2025-04-03,2025-04-08
PRD_dcb2391519,FRT-22788,973976908068,Banana,Fruits,2025-04-04,2025-04-11
PRD_5a48cc2e2c,VEG-54463,482149542951,Broccoli,Vegetables,2025-04-05,2025-04-12
PRD_c4af95a3d4,BEV-98636,627337713747,Soda,Beverages,2025-02-20,2025-05-21
PRD_858e98f0e6,VEG-36072,872692820286,Carrot,Vegetables,2025-03-12,2025-04-11
PRD_1eac236541,VEG-50668,846372324831,Carrot,Vegetables,2025-03-14,2025-04-13
PRD_ec036d5c7f,DRY-30428,752208151724,Milk,Dairy,2025-04-04,2025-04-11
PRD_0f91abc65c,VEG-27903,844035992408,Broccoli,Vegetables,2025-04-06,2025-04-13
PRD_18f7ba8032,FRT-21373,546471369517,Orange,Fruits,2025-03-21,2025-04-11
PRD_d0f1dd2b24,BAK-50540,226382596730,Bagel,Bakery,2025-04-03,2025-04-08
PRD_5c7af2584b,FRT-19416,811163419397,Grapes,Fruits,2025-04-03,2025-04-17
PRD_de4e75a1de,FRT-38626,318302419454,Orange,Fruits,2025-04-05,2025-04-26
PRD_fb4ecfd4ca,BAK-35138,312787169830,Muffin,Bakery,2025-04-06,2025-04-11
PRD_5b9430a9f4,CHP-94317,944151049647,Chips,Snacks,2025-02-08,2025-04-09
PRD_a7ab47c803,CHP-39274,833471292942,Chips,Snacks,2025-02-08,2025-04-09
PRD_15f528a29c,FRT-41966,404477479999,Apple,Fruits,2025-03-20,2025-04-19
PRD_543a9649f7,VEG-87611,434937549592,Broccoli,Vegetables,2025-04-04,2025-04-11
PRD_bb9bd71252,VEG-64924,939369652680,Spinach,Vegetables,2025-04-05,2025-04-10
PRD_089067f5ca,BAK-93051,514476991547,Muffin,Bakery,2025-04-06,2025-04-11
PRD_b9ea7f3e06,BEV-94304,786069577755,Juice,Beverages,2025-03-17,2025-04-16
PRD_cbc04e9bb2,DRY-70330,574089783261,Milk,Dairy,2025-03-31,2025-04-07
PRD_1602f2f5a5,FRT-42861,504931517702,Banana,Fruits,2025-04-01,2025-04-08
PRD_e6b5241344,FRT-38989,878189635101,Banana,Fruits,2025-04-02,2025-04-09
PRD_091a86ba05,FRT-78593,450097937354,Orange,Fruits,2025-04-04,2025-04-25
PRD_c2b2fee874,VEG-99938,977698270125,Potato,Vegetables,2025-02-16,2025-04-17
PRD_53f5837bfc,BEV-30448,560192754812,Soda,Beverages,2025-03-28,2025-06-26
PRD_d21b1a2282,BAK-82925,835648585538,Bread,Bakery,2025-04-01,2025-04-08
PRD_a6900d66f0,MEA-69632,802978147279,Beef,Meat,2025-04-02,2025-04-09
PRD_cce6f9c397,BAK-74933,872619364009,Muffin,Bakery,2025-04-05,2025-04-10
PRD_f66b36040a,BEV-85637,339081160363,Water,Beverages,2025-03-07,2025-09-03
PRD_706796793a,CHP-42800,384709134158,Popcorn,Snacks,2025-03-13,2025-09-09
PRD_e9a4aa1aef,CHP-23254,202797972716,Cookies,Snacks,2025-03-18,2025-05-02
PRD_f6f0992cac,VEG-75560,173186236051,Carrot,Vegetables,2025-03-24,2025-04-23
PRD_fc54fd6a4d,CHP-11913,508646216343,Cookies,Snacks,2025-03-26,2025-05-10
PRD_e841389e09,BAK-11879,541105746550,Muffin,Bakery,2025-04-05,2025-04-10
PRD_39077e76f9,BEV-96737,94240361811,Water,Beverages,2024-10-09,2025-04-07
PRD_8bc9fd5e80,BEV-97752,536010133566,Water,Beverages,2025-02-07,2025-08-06
PRD_19145c011f,CHP-83041,780397483897,Cookies,Snacks,2025-03-14,2025-04-28
PRD_291fdd0646,FRT-47672,310793815977,Orange,Fruits,2025-03-23,2025-04-13
PRD_63cfa262d5,VEG-13074,836404227410,Spinach,Vegetables,2025-04-05,2025-04-10
PRD_26b0eeee28,BEV-36564,75788207039,Soda,Beverages,2025-03-02,2025-05-31
PRD_4c04265d69,DRY-23664,304455390194,Yogurt,Dairy,2025-03-29,2025-04-12
PRD_b4a44d5fa8,BAK-89719,71089523057,Bread,Bakery,2025-04-01,2025-04-08
PRD_9ce84b3225,VEG-12242,754718708535,Broccoli,Vegetables,2025-04-02,2025-04-09
PRD_79051c1756,MEA-67959,378502730272,Chicken,Meat,2025-04-02,2025-04-07
PRD_42099546be,MEA-84269,844657099517,Chicken,Meat,2025-04-03,2025-04-08
PRD_46322a6176,MEA-14168,232242859369,Chicken,Meat,2025-04-05,2025-04-10
PRD_6b7620e969,CHP-74609,41249201860,Crackers,Snacks,2024-12-25,2025-04-24
PRD_037275aec9,CHP-72927,618440172215,Crackers,Snacks,2025-01-14,2025-05-14
PRD_6601fc2b8a,BEV-11539,396472491963,Juice,Beverages,2025-03-12,2025-04-11
PRD_7b28785120,VEG-21543,146202138907,Spinach,Vegetables,2025-04-03,2025-04-08
PRD_0684bc006e,BAK-73320,949165224710,Bagel,Bakery,2025-04-03,2025-04-08
PRD_94d80ab36c,BEV-61449,714156587083,Water,Beverages,2024-11-12,2025-05-11
PRD_0849341a0a,BEV-70452,107262017994,Water,Beverages,2025-01-16,2025-07-15
PRD_bc7d538681,VEG-16747,188613854478,Carrot,Vegetables,2025-03-10,2025-04-09
PRD_7146ec864f,BEV-73665,276728079856,Juice,Beverages,2025-03-15,2025-04-14
PRD_47d5686a6d,FRT-52428,315864452047,Banana,Fruits,2025-04-01,2025-04-08
PRD_d1b0ed8490,FRT-91133,522319899434,Grapes,Fruits,2025-04-06,2025-04-20
PRD_1872e64e4f,BEV-51230,138095456568,Water,Beverages,2025-02-26,2025-08-25
PRD_b5e164f7a0,VEG-21766,666920781053,Potato,Vegetables,2025-03-01,2025-04-30
PRD_dffb584098,DRY-22638,376683081232,Cheese,Dairy,2025-03-09,2025-04-08
PRD_67a43637e6,BEV-11460,497380728832,Juice,Beverages,2025-03-28,2025-04-27
PRD_e0012db813,CHP-49775,608390026810,Cookies,Snacks,2025-04-06,2025-05-21
PRD_6a6aee8f7b,MEA-65972,425273978875,Beef,Meat,2025-04-06,2025-04-13
PRD_82359af401,BEV-29315,168442788364,Water,Beverages,2024-12-14,2025-06-12
PRD_618a397076,VEG-89830,483400268713,Potato,Vegetables,2025-02-28,2025-04-29
PRD_b3b3164d0a,BAK-41123,627450584282,Bagel,Bakery,2025-04-03,2025-04-08
PRD_0660d78533,MEA-24570,887109221430,Chicken,Meat,2025-04-05,2025-04-10
PRD_523695b66f,MEA-79408,585089269211,Chicken,Meat,2025-04-06,2025-04-11
PRD_ee454fab62,CHP-78019,413019759499,Popcorn,Snacks,2024-12-08,2025-06-06
PRD_3b0727baa2,BEV-77193,699825591384,Soda,Beverages,2025-01-27,2025-04-27
PRD_2c359a34c8,BEV-27412,931479841610,Soda,Beverages,2025-02-21,2025-05-22
PRD_bdfa44365f,MEA-33659,648088146501,Chicken,Meat,2025-04-04,2025-04-09
PRD_619a0bb6ba,CHP-58418,798291337616,Cookies,Snacks,2025-04-06,2025-05-21
PRD_122ffc97fe,MEA-18994,42998386227,Chicken,Meat,2025-04-06,2025-04-11
PRD_ffd77676f4,BAK-59745,481795530889,Bagel,Bakery,2025-04-06,2025-04-11
PRD_4c5a155363,BEV-93930,123761831461,Water,Beverages,2024-12-28,2025-06-26
PRD_42b5682958,DRY-45653,562914629453,Cheese,Dairy,2025-03-30,2025-04-29
PRD_32f1241647,MEA-96498,333488669563,Beef,Meat,2025-04-02,2025-04-09
PRD_dee7aee053,DRY-36560,124916349927,Milk,Dairy,2025-04-02,2025-04-09
PRD_f3bd5d771d,MEA-27225,223997534174,Beef,Meat,2025-04-03,2025-04-10
PRD_7ac52030bb,VEG-41278,231667240795,Broccoli,Vegetables,2025-04-03,2025-04-10
PRD_91f3c14a38,CHP-14232,572203838428,Cookies,Snacks,2025-04-06,2025-05-21
PRD_46b7623c2b,BEV-26016,872240845751,Soda,Beverages,2025-01-07,2025-04-07
PRD_8d878cc40e,CHP-89320,818232148946,Chips,Snacks,2025-03-17,2025-05-16
PRD_f71c97a90a,DRY-84855,620700667909,Cheese,Dairy,2025-03-21,2025-04-20
PRD_2baca15a9d,BAK-53448,156270963634,Muffin,Bakery,2025-04-02,2025-04-07
PRD_77663970a4,FRT-19379,978264468737,Grapes,Fruits,2025-04-05,2025-04-19
PRD_c900add3dd,MEA-24571,227062150494,Pork,Meat,2025-04-06,2025-04-11
PRD_fc54a9c43e,FRT-20323,419506286658,Grapes,Fruits,2025-03-28,2025-04-11
PRD_bfc4ee28a4,BAK-84708,4209809267,Muffin,Bakery,2025-04-02,2025-04-07
PRD_c60a8faa63,VEG-59671,264785144723,Broccoli,Vegetables,2025-04-03,2025-04-10
PRD_c218153be3,MEA-33012,356028234983,Chicken,Meat,2025-04-03,2025-04-08
PRD_00c8fef37a,BAK-24095,915420213482,Muffin,Bakery,2025-04-03,2025-04-08
PRD_a62ea8fbbc,BEV-30930,709883804402,Water,Beverages,2025-01-18,2025-07-17
PRD_ffcba7e2be,VEG-69563,968258252618,Potato,Vegetables,2025-03-15,2025-05-14
PRD_5bf5c65d6b,BEV-52218,570756275325,Juice,Beverages,2025-03-18,2025-04-17
PRD_0117be0b1e,DRY-74502,959365835469,Cheese,Dairy,2025-03-27,2025-04-26
PRD_db5e8d1121,MEA-34002,445152780635,Chicken,Meat,2025-04-03,2025-04-08
PRD_00e2b02ba4,MEA-21240,374902163660,Chicken,Meat,2025-04-04,2025-04-09
PRD_d794135ad2,CHP-87502,552181575237,Cookies,Snacks,2025-02-27,2025-04-13
PRD_507af7af7a,FRT-69498,369935405395,Apple,Fruits,2025-03-09,2025-04-08
PRD_db0482213f,VEG-92872,853616660919,Carrot,Vegetables,2025-03-19,2025-04-18
PRD_7365bd439d,BEV-72995,32037029847,Juice,Beverages,2025-03-21,2025-04-20
PRD_14cd48c150,MEA-58448,930487547417,Pork,Meat,2025-04-02,2025-04-07
PRD_694c69a5f9,MEA-89724,25281859939,Beef,Meat,2025-04-04,2025-04-11
PRD_82789afc02,BAK-40431,821546427491,Muffin,Bakery,2025-04-05,2025-04-10
PRD_703ffd2424,CHP-58032,657136894372,Popcorn,Snacks,2024-11-10,2025-05-09
PRD_b806614ba4,BEV-11211,469975328872,Water,Beverages,2024-12-14,2025-06-12
PRD_eb87d18112,CHP-82581,566710358036,Granola Bar,Snacks,2025-02-11,2025-05-12
PRD_3ab5008bd9,VEG-79344,541568491353,Broccoli,Vegetables,2025-03-31,2025-04-07
PRD_3fb30b6780,MEA-59092,70637330244,Chicken,Meat,2025-04-04,2025-04-09
PRD_ceb6c76c30,CHP-78043,363627655779,Chips,Snacks,2025-03-21,2025-05-20
PRD_c1756a0820,DRY-23425,58285327993,Milk,Dairy,2025-04-02,2025-04-09
PRD_2f6ab23147,MEA-89239,321221584957,Pork,Meat,2025-04-02,2025-04-07
PRD_feed84c786,MEA-41879,101337238385,Pork,Meat,2025-04-02,2025-04-07
PRD_5853e74ecc,BEV-28795,447822038293,Water,Beverages,2025-04-05,2025-10-02
PRD_2489ca40e1,BAK-78733,196467927103,Muffin,Bakery,2025-04-06,2025-04-11
PRD_27bfc8334d,BEV-71568,829418454169,Juice,Beverages,2025-03-11,2025-04-10
PRD_2255981a45,FRT-29575,490034520609,Apple,Fruits,2025-03-17,2025-04-16
PRD_4f1713a3bb,FRT-98963,401623839167,Orange,Fruits,2025-04-04,2025-04-25
PRD_aa11e270ba,FRT-64347,253806604274,Banana,Fruits,2025-04-05,2025-04-12
PRD_0934024c3d,MEA-31127,109272835644,Chicken,Meat,2025-04-05,2025-04-10
PRD_b868456700,BAK-94543,713145886083,Bagel,Bakery,2025-04-06,2025-04-11
PRD_ec91563e9e,CHP-25164,028400090858,Chips,Snacks,2025-02-21,2025-05-22
PRD_e156810af0,CHP-27568,44000045432,Biscuits,Snacks,2025-03-01,2025-05-30
PRD_3a82cb13b6,BEV-17576,883455279149,Soda,Beverages,2025-02-07,2025-05-08
PRD_b574297e59,BEV-42275,75356008623,Soda,Beverages,2025-02-19,2025-05-20
PRD_14411e4bbe,CHP-64763,676192972489,Granola Bar,Snacks,2025-02-20,2025-05-21
PRD_0cc7523f37,CHP-69992,317440812566,Chips,Snacks,2025-03-11,2025-05-10
PRD_732f991a9b,FRT-60823,812794249407,Apple,Fruits,2025-03-12,2025-04-11
PRD_6f02e57bb3,CHP-14547,799541141373,Popcorn,Snacks,2024-12-03,2025-06-01
PRD_f527fe787a,CHP-24157,719478027893,Cookies,Snacks,2025-03-05,2025-04-19
PRD_c137746d3d,BEV-73507,146353577796,Juice,Beverages,2025-03-15,2025-04-14
PRD_bfca2e5988,MEA-57927,96549576919,Pork,Meat,2025-04-04,2025-04-09
PRD_5708085446,VEG-17402,475229166627,Spinach,Vegetables,2025-04-04,2025-04-09
PRD_33d2675888,BAK-64127,583309588212,Bagel,Bakery,2025-04-06,2025-04-11
PRD_ca3f298a1c,FRT-54646,530658920600,Banana,Fruits,2025-04-06,2025-04-13
PRD_34fea9e2cb,CHP-74910,244790452654,Chips,Snacks,2025-03-08,2025-05-07
PRD_32c2d344ca,CHP-81959,53808125097,Chips,Snacks,2025-03-08,2025-05-07
PRD_1f4e6ad0cf,FRT-57987,589191170449,Banana,Fruits,2025-04-01,2025-04-08
PRD_345f36af23,BAK-76027,549104431598,Bagel,Bakery,2025-04-02,2025-04-07
PRD_c82d8fcc7d,MEA-43377,355698145189,Beef,Meat,2025-04-04,2025-04-11
PRD_ff24c8fb5e,FRT-97068,411118583145,Apple,Fruits,2025-04-06,2025-05-06
PRD_71d990c655,BEV-80005,358416544544,Water,Beverages,2024-12-04,2025-06-02
PRD_52f7b8bd6c,BEV-70146,929316821577,Soda,Beverages,2025-01-14,2025-04-14
PRD_d3858990cf,BEV-61258,916421548682,Soda,Beverages,2025-01-18,2025-04-18
PRD_a464f66aad,BEV-61618,829454641935,Juice,Beverages,2025-03-13,2025-04-12
PRD_efe0e1dc34,FRT-95367,226126176946,Grapes,Fruits,2025-03-24,2025-04-07
PRD_50c2326cff,VEG-37340,401175033312,Broccoli,Vegetables,2025-04-06,2025-04-13
PRD_34b4cb5fc9,BEV-61395,239384788061,Water,Beverages,2024-10-23,2025-04-21
PRD_ec1824aea7,VEG-63077,630761048751,Carrot,Vegetables,2025-03-19,2025-04-18
PRD_c348a95bd2,DRY-39144,760465307041,Cheese,Dairy,2025-03-27,2025-04-26
PRD_b90bd30834,VEG-63840,139500215804,Broccoli,Vegetables,2025-03-31,2025-04-07
PRD_a69ad72872,MEA-79763,106318233105,Beef,Meat,2025-04-01,2025-04-08
PRD_d971edc780,BAK-22726,598870750405,Bagel,Bakery,2025-04-04,2025-04-09
PRD_c39c7bd073,VEG-13976,545071720882,Broccoli,Vegetables,2025-04-04,2025-04-11
PRD_40958880fc,CHP-40908,22355428504,Popcorn,Snacks,2024-12-13,2025-06-11
PRD_efc49a960b,BEV-18124,781748620602,Juice,Beverages,2025-03-19,2025-04-18
PRD_e8f8379dd6,FRT-49689,750214302884,Grapes,Fruits,2025-03-24,2025-04-07
PRD_5326fb14e5,CHP-85467,634038874975,Chips,Snacks,2025-03-31,2025-05-30
PRD_16425c6b3b,DRY-47636,632021462592,Milk,Dairy,2025-03-31,2025-04-07
PRD_ec8f2c9ae0,MEA-73691,340563996140,Beef,Meat,2025-04-04,2025-04-11
PRD_ebbb283b3a,MEA-76115,76773067192,Beef,Meat,2025-04-04,2025-04-11
PRD_6e1f1471b1,CHP-97431,369175919910,Granola Bar,Snacks,2025-01-24,2025-04-24
PRD_e1547273c4,CHP-78992,33236045729,Cookies,Snacks,2025-03-09,2025-04-23
PRD_eacafa38a1,CHP-21613,583169252526,Cookies,Snacks,2025-03-14,2025-04-28
PRD_a41968c6e3,DRY-38203,592525617088,Cheese,Dairy,2025-04-02,2025-05-02
PRD_a86d440393,BEV-73097,111259829689,Juice,Beverages,2025-04-04,2025-05-04
PRD_7b1ae834f9,BEV-49063,542746081403,Soda,Beverages,2025-02-24,2025-05-25
PRD_e58c0b05d9,CHP-46662,196248192065,Granola Bar,Snacks,2025-03-06,2025-06-04
PRD_bb97eaa3ad,CHP-62323,809520294696,Cookies,Snacks,2025-03-10,2025-04-24
PRD_98b704ea31,FRT-49598,672134107029,Banana,Fruits,2025-04-03,2025-04-10
PRD_b42d7e917a,MEA-57732,704388581682,Chicken,Meat,2025-04-04,2025-04-09
PRD_b2d43be827,BEV-78404,562607126240,Soda,Beverages,2025-03-04,2025-06-02
PRD_3b1357c3c9,BAK-25068,497894393207,Bread,Bakery,2025-03-31,2025-04-07
PRD_4457257242,MEA-43804,807789123312,Chicken,Meat,2025-04-02,2025-04-07
PRD_eaa69ac2b7,BAK-95577,342797981899,Bread,Bakery,2025-04-04,2025-04-11
PRD_a28e650b31,BEV-33592,429766858410,Juice,Beverages,2025-04-05,2025-05-05
PRD_257b4d01bf,BEV-48153,866397635010,Water,Beverages,2024-10-19,2025-04-17
PRD_a86b498f31,FRT-94295,974964405613,Orange,Fruits,2025-03-17,2025-04-07
PRD_9f1d294289,DRY-72922,537923444323,Yogurt,Dairy,2025-03-28,2025-04-11
PRD_07346ba8d7,CHP-61741,139365240505,Chips,Snacks,2025-03-30,2025-05-29
PRD_16a24c3ab0,MEA-38984,355275368488,Pork,Meat,2025-04-02,2025-04-07
PRD_2d9f3ab103,CHP-99994,585966864878,Popcorn,Snacks,2024-11-16,2025-05-15
PRD_ec18fa8b91,VEG-88435,789139093714,Potato,Vegetables,2025-03-15,2025-05-14
PRD_e273763a68,VEG-67669,819887810724,Potato,Vegetables,2025-03-25,2025-05-24
PRD_bea5f4d45d,BAK-57202,894835706921,Bread,Bakery,2025-04-03,2025-04-10
PRD_65d34dfed2,CHP-19672,810241683615,Granola Bar,Snacks,2025-04-04,2025-07-03
PRD_e01f36f4e5,VEG-17523,889389331359,Potato,Vegetables,2025-03-02,2025-05-01
PRD_47971ca51e,CHP-13187,71110442461,Cookies,Snacks,2025-03-06,2025-04-20
PRD_55bba5c48f,BEV-99638,249592468773,Juice,Beverages,2025-03-16,2025-04-15
PRD_44d07fabe1,FRT-93784,134081826088,Grapes,Fruits,2025-03-24,2025-04-07
PRD_7ac06a9c22,BAK-52120,863746550711,Bagel,Bakery,2025-04-04,2025-04-09
PRD_3ef4c68ef1,MEA-54579,489217306038,Pork,Meat,2025-04-05,2025-04-10
PRD_1f4267ba18,FRT-21201,364864312420,Banana,Fruits,2025-04-05,2025-04-12
PRD_398f891b53,BEV-86613,223220702210,Water,Beverages,2024-12-20,2025-06-18
PRD_c91a2ead2d,CHP-49321,709451567246,Crackers,Snacks,2025-01-25,2025-05-25
PRD_25726b2b46,FRT-23413,716430550710,Banana,Fruits,2025-04-02,2025-04-09
PRD_c5527efb51,VEG-70907,623145780137,Spinach,Vegetables,2025-04-03,2025-04-08
PRD_a0b7902cd8,DRY-76975,846158940340,Milk,Dairy,2025-04-03,2025-04-10
PRD_5b973bd2aa,DRY-35274,888842634649,Yogurt,Dairy,2025-03-24,2025-04-07
PRD_46c81640b5,VEG-11714,135134819947,Potato,Vegetables,2025-03-28,2025-05-27
PRD_bd81d806a6,MEA-77727,410184976093,Beef,Meat,2025-03-31,2025-04-07
PRD_6a0fea5fd5,VEG-94106,201255900222,Spinach,Vegetables,2025-04-02,2025-04-07
PRD_3ef668fa7f,FRT-64601,521164336756,Banana,Fruits,2025-04-03,2025-04-10
PRD_057722a3d9,DRY-14345,33764968427,Yogurt,Dairy,2025-03-30,2025-04-13
PRD_a1d8bf1120,FRT-96130,572418406345,Grapes,Fruits,2025-03-31,2025-04-14
PRD_130d2ccb0b,BAK-88623,588638336530,Bagel,Bakery,2025-04-02,2025-04-07
PRD_6a3503621c,MEA-54506,409474875442,Beef,Meat,2025-04-04,2025-04-11
PRD_ccb96ad7f7,MEA-84845,126412112901,Chicken,Meat,2025-04-06,2025-04-11
PRD_77d9069700,VEG-34293,55609507086,Potato,Vegetables,2025-02-25,2025-04-26
PRD_07c59fb132,BEV-49128,884264336352,Juice,Beverages,2025-03-19,2025-04-18
PRD_b6a2413198,VEG-76058,82827405224,Carrot,Vegetables,2025-03-29,2025-04-28
PRD_b4b6e001b2,MEA-34856,696315836249,Pork,Meat,2025-04-03,2025-04-08
PRD_7df31f0ef9,VEG-21460,52034565991,Potato,Vegetables,2025-04-04,2025-06-03
PRD_839109ae6f,BEV-85841,668705081750,Juice,Beverages,2025-03-21,2025-04-20
PRD_6bf4d137d8,FRT-46397,908025838938,Grapes,Fruits,2025-03-25,2025-04-08
PRD_0d69152262,DRY-62717,335201562404,Milk,Dairy,2025-04-01,2025-04-08
PRD_2ea30fc3bb,FRT-32745,955969908026,Banana,Fruits,2025-04-02,2025-04-09
PRD_d9694f3508,BAK-75454,833849176018,Muffin,Bakery,2025-04-03,2025-04-08
PRD_0eac4a6d2a,BEV-34825,266298415875,Water,Beverages,2024-12-15,2025-06-13
PRD_c64ef9015c,CHP-52790,428303902058,Crackers,Snacks,2025-01-05,2025-05-05
PRD_d708ea414a,DRY-20664,63756297769,Cheese,Dairy,2025-03-18,2025-04-17
PRD_08e524eafa,BEV-82637,737841912115,Juice,Beverages,2025-03-29,2025-04-28
PRD_1753fa22fc,MEA-20184,139095623923,Chicken,Meat,2025-04-02,2025-04-07
PRD_0a1f739cac,CHP-73489,72889882415,Granola Bar,Snacks,2025-02-18,2025-05-19
PRD_da7e1586ea,FRT-45445,295027523786,Apple,Fruits,2025-03-21,2025-04-20
PRD_12aea02f9e,DRY-84842,921618325902,Yogurt,Dairy,2025-04-01,2025-04-15
PRD_86cb388c0f,DRY-67382,91886762365,Milk,Dairy,2025-04-04,2025-04-11
PRD_d1608dbfba,VEG-97119,112009856236,Broccoli,Vegetables,2025-04-05,2025-04-12
PRD_015ad3817f,MEA-65513,156877834354,Pork,Meat,2025-04-05,2025-04-10
PRD_4f9605bc52,BEV-72262,463583878293,Soda,Beverages,2025-01-22,2025-04-22
PRD_abc798b35a,BEV-67723,266666230825,Soda,Beverages,2025-03-08,2025-06-06
PRD_58079a59d1,CHP-63698,931489839990,Cookies,Snacks,2025-03-19,2025-05-03
PRD_4459b1d720,DRY-35963,730331137839,Yogurt,Dairy,2025-03-26,2025-04-09
PRD_e309d39f3c,DRY-98507,579627542142,Yogurt,Dairy,2025-03-30,2025-04-13
PRD_844f63eeb3,MEA-97684,476303803514,Beef,Meat,2025-04-04,2025-04-11
PRD_191ffda7ee,BAK-43272,672906023319,Bread,Bakery,2025-04-06,2025-04-13
PRD_6a4f480cce,BEV-87159,994082424120,Soda,Beverages,2025-03-25,2025-06-23
PRD_2c9c12532c,VEG-35134,913228234789,Broccoli,Vegetables,2025-04-02,2025-04-09
PRD_fad6b5d3a0,DRY-39530,132628181160,Milk,Dairy,2025-04-03,2025-04-10
PRD_07a2016d36,FRT-95996,443019583288,Banana,Fruits,2025-04-04,2025-04-11
PRD_51b0623a07,BAK-78525,516133623119,Muffin,Bakery,2025-04-04,2025-04-09
PRD_d68a71652f,DRY-28433,54246658578,Yogurt,Dairy,2025-04-04,2025-04-18
PRD_7459165cdc,BEV-31582,466474212834,Water,Beverages,2024-12-05,2025-06-03
PRD_491ef9e1a1,VEG-29498,643258036200,Broccoli,Vegetables,2025-03-31,2025-04-07
PRD_bb67909a0b,MEA-67635,77030474279,Chicken,Meat,2025-04-02,2025-04-07
PRD_b4f4030fb2,BAK-75624,472556957492,Muffin,Bakery,2025-04-03,2025-04-08
PRD_d17e66f1f6,CHP-16599,904933134678,Cookies,Snacks,2025-04-04,2025-05-19
PRD_9232751803,BAK-95815,365681391280,Bagel,Bakery,2025-04-04,2025-04-09
PRD_3069a51586,VEG-71479,370962759406,Potato,Vegetables,2025-03-07,2025-05-06
PRD_db4f735ded,DRY-96001,734793807916,Yogurt,Dairy,2025-03-26,2025-04-09
PRD_93243b422d,FRT-87465,121529999938,Banana,Fruits,2025-03-31,2025-04-07
PRD_460fb47da5,BAK-99876,478703710949,Muffin,Bakery,2025-04-02,2025-04-07
PRD_5588e22df1,BEV-72195,304321569228,Soda,Beverages,2025-04-05,2025-07-04
PRD_eb73e528a5,BEV-89939,387573041169,Soda,Beverages,2025-01-16,2025-04-16
PRD_c528a95326,BEV-47818,181271082290,Water,Beverages,2025-03-09,2025-09-05
PRD_221d070c05,MEA-45318,481437425951,Beef,Meat,2025-03-31,2025-04-07
PRD_a54b0a6cd2,BAK-19416,380674062841,Bread,Bakery,2025-04-02,2025-04-09
PRD_c55a1405e6,MEA-73664,587060166406,Beef,Meat,2025-04-04,2025-04-11
PRD_2434ba2fd6,MEA-95007,627121870451,Beef,Meat,2025-04-06,2025-04-13
PRD_d780c907e0,CHP-42426,687301395862,Granola Bar,Snacks,2025-01-09,2025-04-09
PRD_fb21f6cbeb,CHP-41686,320297254538,Granola Bar,Snacks,2025-01-27,2025-04-27
PRD_ea89506aff,BEV-32599,537616909908,Juice,Beverages,2025-03-25,2025-04-24
PRD_99f72333f0,DRY-99213,904831374821,Yogurt,Dairy,2025-03-27,2025-04-10
PRD_1ffe5bd050,FRT-68023,182642363893,Banana,Fruits,2025-04-01,2025-04-08
PRD_a9f2eb378d,BAK-81516,92041077251,Muffin,Bakery,2025-04-03,2025-04-08
PRD_53ae710550,CHP-36632,219820567797,Chips,Snacks,2025-02-25,2025-04-26
PRD_9f77ad505f,CHP-75922,952735844216,Cookies,Snacks,2025-03-29,2025-05-13
PRD_7f8c798bae,DRY-82534,738848764697,Yogurt,Dairy,2025-03-30,2025-04-13
PRD_0c83e9f556,VEG-74685,657319922777,Broccoli,Vegetables,2025-04-02,2025-04-09
PRD_57e43d38c9,MEA-27440,569713778185,Beef,Meat,2025-04-05,2025-04-12
PRD_397f6c558f,DRY-15888,33848131478,Yogurt,Dairy,2025-04-05,2025-04-19
PRD_f722b881c6,CHP-36152,22950345884,Popcorn,Snacks,2024-12-30,2025-06-28
PRD_91c8fdcd85,BEV-35568,343275006859,Water,Beverages,2025-01-01,2025-06-30
PRD_845feb3adf,DRY-69874,665592786248,Cheese,Dairy,2025-03-25,2025-04-24
PRD_f085d68678,MEA-38599,205372744701,Chicken,Meat,2025-04-06,2025-04-11
PRD_0942da16ab,BAK-11337,265493099364,Bread,Bakery,2025-04-06,2025-04-13
PRD_e7d00dcc4c,BEV-28635,587440800127,Water,Beverages,2024-11-08,2025-05-07
PRD_97b754eaf9,BEV-44230,716933146471,Soda,Beverages,2025-03-08,2025-06-06
PRD_313bd9e64e,VEG-48223,6676224876,Potato,Vegetables,2025-03-29,2025-05-28
PRD_bf7059c102,BAK-68303,236414776227,Bagel,Bakery,2025-04-02,2025-04-07
PRD_84e70bb8a0,VEG-44380,342566580864,Broccoli,Vegetables,2025-04-02,2025-04-09
PRD_3cb4552294,BEV-77751,970723773861,Water,Beverages,2024-10-23,2025-04-21
PRD_6ec53d9528,CHP-59768,288238237137,Crackers,Snacks,2025-03-05,2025-07-03
PRD_659041e8ac,BEV-31051,439265973647,Soda,Beverages,2025-03-12,2025-06-10
PRD_fdd220e84d,BAK-22789,615067382648,Muffin,Bakery,2025-04-05,2025-04-10
PRD_bbe36e58c6,BAK-20492,351823833249,Bagel,Bakery,2025-04-06,2025-04-11
PRD_15db3d4ba3,FRT-75089,89178536629,Grapes,Fruits,2025-04-06,2025-04-20
