user_uid,user_id,user_name,location_lat,location_lng,points_awarded
USR_4b971c383f,107093,Linda,41.84419,-87.609209,10
USR_4b971c383f,107093,Linda,41.890919,-87.628688,10
USR_4b971c383f,107093,Linda,41.897489,-87.617039,10
USR_4b971c383f,107093,Linda,41.86545,-87.650496,10
USR_4b971c383f,107093,Linda,41.840052,-87.602853,10
USR_4b971c383f,107093,Linda,41.865463,-87.678179,10
USR_4b971c383f,107093,Linda,41.877286,-87.690906,10
USR_aceda5439a,109250,Natalie,41.865149,-87.605891,10
USR_aceda5439a,109250,Natalie,41.850976,-87.681224,10
USR_aceda5439a,109250,Natalie,41.851205,-87.663808,10
USR_aceda5439a,109250,Natalie,41.886349,-87.646682,10
USR_aceda5439a,109250,Natalie,41.898397,-87.684035,10
USR_7c6dbed8e1,113470,Christine,41.877321,-87.634042,10
USR_7c6dbed8e1,113470,Christine,41.856291,-87.603806,10
USR_7c6dbed8e1,113470,Christine,41.896076,-87.629941,10
USR_7c6dbed8e1,113470,Christine,41.875519,-87.698764,10
USR_7c6dbed8e1,113470,Christine,41.8869,-87.61286,10
USR_b908f30d26,113593,Betty,41.842608,-87.612496,10
USR_b908f30d26,113593,Betty,41.892975,-87.611865,10
USR_b908f30d26,113593,Betty,41.892066,-87.692736,10
USR_b908f30d26,113593,Betty,41.845569,-87.683433,10
USR_b908f30d26,113593,Betty,41.887576,-87.644913,10
USR_bc6791a6bb,113972,Brandon,41.891009,-87.600846,10
USR_bc6791a6bb,113972,Brandon,41.862879,-87.663667,10
USR_bc6791a6bb,113972,Brandon,41.889251,-87.681706,10
USR_bc6791a6bb,113972,Brandon,41.847109,-87.616584,10
USR_bc6791a6bb,113972,Brandon,41.872123,-87.617903,10
USR_bc6791a6bb,113972,Brandon,41.880909,-87.668856,10
USR_bc6791a6bb,113972,Brandon,41.866211,-87.687202,10
USR_567b02c5e1,114994,Dana,41.889818,-87.664977,10
USR_567b02c5e1,114994,Dana,41.860697,-87.634881,10
USR_567b02c5e1,114994,Dana,41.871086,-87.699239,10
USR_567b02c5e1,114994,Dana,41.862905,-87.614199,10
USR_567b02c5e1,114994,Dana,41.853662,-87.666981,10
USR_567b02c5e1,114994,Dana,41.857144,-87.675926,10
USR_964d1ca629,115969,Kyle,41.852292,-87.622173,10
USR_964d1ca629,115969,Kyle,41.890553,-87.645333,10
USR_964d1ca629,115969,Kyle,41.841968,-87.664683,10
USR_964d1ca629,115969,Kyle,41.843361,-87.677654,10
USR_964d1ca629,115969,Kyle,41.851295,-87.630509,10
USR_964d1ca629,115969,Kyle,41.86423,-87.621194,10
USR_964d1ca629,115969,Kyle,41.872974,-87.611976,10
USR_5e69b41340,119761,Angela,41.844559,-87.625167,10
USR_5e69b41340,119761,Angela,41.885162,-87.670305,10
USR_5e69b41340,119761,Angela,41.856738,-87.695394,10
USR_5e69b41340,119761,Angela,41.888149,-87.658078,10
USR_5e69b41340,119761,Angela,41.879228,-87.675705,10
USR_2f069aba8a,121810,Meredith,41.861708,-87.683246,10
USR_2f069aba8a,121810,Meredith,41.888517,-87.671171,10
USR_2f069aba8a,121810,Meredith,41.863462,-87.689164,10
USR_2f069aba8a,121810,Meredith,41.849194,-87.602299,10
USR_2f069aba8a,121810,Meredith,41.860218,-87.611973,10
USR_2f069aba8a,121810,Meredith,41.882538,-87.680485,10
USR_e2a79383c1,125202,Jake,41.897573,-87.633469,10
USR_e2a79383c1,125202,Jake,41.842276,-87.682363,10
USR_e2a79383c1,125202,Jake,41.858229,-87.658125,10
USR_e2a79383c1,125202,Jake,41.848785,-87.696113,10
USR_e2a79383c1,125202,Jake,41.858138,-87.694453,10
USR_e2a79383c1,125202,Jake,41.893446,-87.658281,10
USR_e2a79383c1,125202,Jake,41.853586,-87.691967,10
USR_0b2d293306,129533,Ashley,41.88516,-87.609403,10
USR_0b2d293306,129533,Ashley,41.861693,-87.659002,10
USR_0b2d293306,129533,Ashley,41.849608,-87.61949,10
USR_0b2d293306,129533,Ashley,41.862292,-87.692653,10
USR_0b2d293306,129533,Ashley,41.856549,-87.605618,10
USR_0b2d293306,129533,Ashley,41.860226,-87.617742,10
USR_5b06f1f085,131227,Austin,41.863699,-87.601735,10
USR_5b06f1f085,131227,Austin,41.870716,-87.667939,10
USR_5b06f1f085,131227,Austin,41.863171,-87.643614,10
USR_5b06f1f085,131227,Austin,41.854394,-87.649315,10
USR_5b06f1f085,131227,Austin,41.861276,-87.630245,10
USR_8a59771e7c,137596,Thomas,41.85484,-87.675249,10
USR_8a59771e7c,137596,Thomas,41.854957,-87.61289,10
USR_8a59771e7c,137596,Thomas,41.864839,-87.608823,10
USR_8a59771e7c,137596,Thomas,41.875063,-87.662846,10
USR_8a59771e7c,137596,Thomas,41.87364,-87.666614,10
USR_828e55b18b,137805,Stacy,41.886095,-87.600347,10
USR_828e55b18b,137805,Stacy,41.883985,-87.637388,10
USR_828e55b18b,137805,Stacy,41.888353,-87.625218,10
USR_828e55b18b,137805,Stacy,41.853246,-87.617214,10
USR_828e55b18b,137805,Stacy,41.877363,-87.673032,10
USR_c3de411391,140358,Gina,41.874688,-87.610212,10
USR_c3de411391,140358,Gina,41.849673,-87.630639,10
USR_c3de411391,140358,Gina,41.866723,-87.623953,10
USR_c3de411391,140358,Gina,41.84478,-87.679685,10
USR_c3de411391,140358,Gina,41.888441,-87.603741,10
USR_c3de411391,140358,Gina,41.848708,-87.681764,10
USR_c3de411391,140358,Gina,41.854695,-87.618994,10
USR_83db02e1cb,145381,Kim,41.868816,-87.602042,10
USR_83db02e1cb,145381,Kim,41.87834,-87.600561,10
USR_83db02e1cb,145381,Kim,41.874799,-87.611496,10
USR_83db02e1cb,145381,Kim,41.889746,-87.669085,10
USR_83db02e1cb,145381,Kim,41.899038,-87.685026,10
USR_83db02e1cb,145381,Kim,41.868602,-87.682865,10
USR_83db02e1cb,145381,Kim,41.871259,-87.680714,10
USR_234283f1a7,148967,Jacob,41.879042,-87.662664,10
USR_234283f1a7,148967,Jacob,41.8981,-87.611744,10
USR_234283f1a7,148967,Jacob,41.891093,-87.626028,10
USR_234283f1a7,148967,Jacob,41.846682,-87.602125,10
USR_234283f1a7,148967,Jacob,41.85026,-87.678386,10
USR_234283f1a7,148967,Jacob,41.864288,-87.608655,10
USR_e64d664b33,151137,Julia,41.896793,-87.698793,10
USR_e64d664b33,151137,Julia,41.840063,-87.679239,10
USR_e64d664b33,151137,Julia,41.899705,-87.665188,10
USR_e64d664b33,151137,Julia,41.850139,-87.691166,10
USR_e64d664b33,151137,Julia,41.853698,-87.615053,10
USR_27a01d4772,151704,Amber,41.879044,-87.688757,10
USR_27a01d4772,151704,Amber,41.853302,-87.689473,10
USR_27a01d4772,151704,Amber,41.873148,-87.640598,10
USR_27a01d4772,151704,Amber,41.873268,-87.64721,10
USR_27a01d4772,151704,Amber,41.886264,-87.613415,10
USR_27a01d4772,151704,Amber,41.898898,-87.6285,10
USR_27a01d4772,151704,Amber,41.854465,-87.638309,10
USR_7b37259e14,152305,Daniel,41.844113,-87.608807,10
USR_7b37259e14,152305,Daniel,41.84353,-87.621528,10
USR_7b37259e14,152305,Daniel,41.867442,-87.64296,10
USR_7b37259e14,152305,Daniel,41.847052,-87.699417,10
USR_7b37259e14,152305,Daniel,41.899208,-87.673676,10
USR_71695ec5c3,161561,Daisy,41.854199,-87.649977,10
USR_71695ec5c3,161561,Daisy,41.865901,-87.634619,10
USR_71695ec5c3,161561,Daisy,41.895272,-87.656713,10
USR_71695ec5c3,161561,Daisy,41.843667,-87.622854,10
USR_71695ec5c3,161561,Daisy,41.884499,-87.635953,10
USR_dbac156223,162162,Cynthia,41.847711,-87.670508,10
USR_dbac156223,162162,Cynthia,41.8564,-87.657702,10
USR_dbac156223,162162,Cynthia,41.886619,-87.667827,10
USR_dbac156223,162162,Cynthia,41.844747,-87.686075,10
USR_dbac156223,162162,Cynthia,41.845229,-87.6856,10
USR_eeb23422bc,174401,Brent,41.879244,-87.613783,10
USR_eeb23422bc,174401,Brent,41.850685,-87.684303,10
USR_eeb23422bc,174401,Brent,41.845302,-87.612757,10
USR_eeb23422bc,174401,Brent,41.875229,-87.609605,10
USR_eeb23422bc,174401,Brent,41.884468,-87.653427,10
USR_eeb23422bc,174401,Brent,41.847434,-87.644683,10
USR_eeb23422bc,174401,Brent,41.848025,-87.685366,10
USR_3a0456d65c,184625,Briana,41.866507,-87.67363,10
USR_3a0456d65c,184625,Briana,41.867992,-87.668288,10
USR_3a0456d65c,184625,Briana,41.896574,-87.661027,10
USR_3a0456d65c,184625,Briana,41.892217,-87.613477,10
USR_3a0456d65c,184625,Briana,41.844447,-87.643479,10
USR_3a0456d65c,184625,Briana,41.881688,-87.650869,10
USR_3a0456d65c,184625,Briana,41.864094,-87.616782,10
USR_17ee9e6c8a,188013,Christina,41.856701,-87.658704,10
USR_17ee9e6c8a,188013,Christina,41.866864,-87.623565,10
USR_17ee9e6c8a,188013,Christina,41.870245,-87.638807,10
USR_17ee9e6c8a,188013,Christina,41.873414,-87.646413,10
USR_17ee9e6c8a,188013,Christina,41.89841,-87.630683,10
USR_17ee9e6c8a,188013,Christina,41.864118,-87.691071,10
USR_ee27929623,194421,Michelle,41.874255,-87.63173,10
USR_ee27929623,194421,Michelle,41.899924,-87.637071,10
USR_ee27929623,194421,Michelle,41.848004,-87.647723,10
USR_ee27929623,194421,Michelle,41.852481,-87.627872,10
USR_ee27929623,194421,Michelle,41.884342,-87.667038,10
USR_f472d9f6a7,195645,Elizabeth,41.842912,-87.674233,10
USR_f472d9f6a7,195645,Elizabeth,41.89466,-87.634508,10
USR_f472d9f6a7,195645,Elizabeth,41.864328,-87.670118,10
USR_f472d9f6a7,195645,Elizabeth,41.881808,-87.633972,10
USR_f472d9f6a7,195645,Elizabeth,41.849492,-87.60462,10
USR_f472d9f6a7,195645,Elizabeth,41.888371,-87.666817,10
USR_f472d9f6a7,195645,Elizabeth,41.868229,-87.613234,10
USR_b2593f1283,208365,Ronnie,41.882617,-87.626583,10
USR_b2593f1283,208365,Ronnie,41.872812,-87.648368,10
USR_b2593f1283,208365,Ronnie,41.863115,-87.668625,10
USR_b2593f1283,208365,Ronnie,41.867502,-87.622602,10
USR_b2593f1283,208365,Ronnie,41.897059,-87.666265,10
USR_b2593f1283,208365,Ronnie,41.898433,-87.604611,10
USR_b2593f1283,208365,Ronnie,41.875269,-87.639011,10
USR_3b2345afe4,208799,Jo,41.865922,-87.687595,10
USR_3b2345afe4,208799,Jo,41.864598,-87.633758,10
USR_3b2345afe4,208799,Jo,41.878587,-87.601398,10
USR_3b2345afe4,208799,Jo,41.879838,-87.616607,10
USR_3b2345afe4,208799,Jo,41.858452,-87.611248,10
USR_d2dcb780b7,232324,Margaret,41.842665,-87.61072,10
USR_d2dcb780b7,232324,Margaret,41.872334,-87.623767,10
USR_d2dcb780b7,232324,Margaret,41.868326,-87.670497,10
USR_d2dcb780b7,232324,Margaret,41.85778,-87.662115,10
USR_d2dcb780b7,232324,Margaret,41.850162,-87.643108,10
USR_d2dcb780b7,232324,Margaret,41.890777,-87.66547,10
USR_d2dcb780b7,232324,Margaret,41.889427,-87.665862,10
USR_6d0e5951f2,235920,Eric,41.887088,-87.696698,10
USR_6d0e5951f2,235920,Eric,41.890339,-87.653332,10
USR_6d0e5951f2,235920,Eric,41.86736,-87.689939,10
USR_6d0e5951f2,235920,Eric,41.875318,-87.616154,10
USR_6d0e5951f2,235920,Eric,41.879624,-87.685473,10
USR_6d0e5951f2,235920,Eric,41.852461,-87.633153,10
USR_6d0e5951f2,235920,Eric,41.855226,-87.62038,10
USR_39416a0d49,240887,Joyce,41.845218,-87.628697,10
USR_39416a0d49,240887,Joyce,41.858909,-87.697558,10
USR_39416a0d49,240887,Joyce,41.874001,-87.660052,10
USR_39416a0d49,240887,Joyce,41.895163,-87.633572,10
USR_39416a0d49,240887,Joyce,41.852632,-87.632588,10
USR_c67a6b41df,243180,Monica,41.849128,-87.618453,10
USR_c67a6b41df,243180,Monica,41.84151,-87.694116,10
USR_c67a6b41df,243180,Monica,41.858155,-87.626346,10
USR_c67a6b41df,243180,Monica,41.847623,-87.66218,10
USR_c67a6b41df,243180,Monica,41.896062,-87.613691,10
USR_910cc5d2c1,249835,Sherry,41.871706,-87.631963,10
USR_910cc5d2c1,249835,Sherry,41.869052,-87.614287,10
USR_910cc5d2c1,249835,Sherry,41.855728,-87.649305,10
USR_910cc5d2c1,249835,Sherry,41.873895,-87.642721,10
USR_910cc5d2c1,249835,Sherry,41.889561,-87.605757,10
USR_910cc5d2c1,249835,Sherry,41.899848,-87.639353,10
USR_910cc5d2c1,249835,Sherry,41.884093,-87.697699,10
USR_5f9b7b7dd4,250298,Theresa,41.897511,-87.667238,10
USR_5f9b7b7dd4,250298,Theresa,41.842331,-87.618003,10
USR_5f9b7b7dd4,250298,Theresa,41.85924,-87.696373,10
USR_5f9b7b7dd4,250298,Theresa,41.86745,-87.673086,10
USR_5f9b7b7dd4,250298,Theresa,41.869644,-87.642485,10
USR_f15b49dc5c,260473,Raymond,41.866359,-87.614201,10
USR_f15b49dc5c,260473,Raymond,41.89411,-87.602769,10
USR_f15b49dc5c,260473,Raymond,41.890075,-87.621729,10
USR_f15b49dc5c,260473,Raymond,41.897699,-87.636386,10
USR_f15b49dc5c,260473,Raymond,41.869927,-87.679008,10
USR_f15b49dc5c,260473,Raymond,41.888076,-87.608156,10
USR_514a574881,261518,Dustin,41.880868,-87.658259,10
USR_514a574881,261518,Dustin,41.87519,-87.628588,10
USR_514a574881,261518,Dustin,41.867007,-87.672279,10
USR_514a574881,261518,Dustin,41.899201,-87.647907,10
USR_514a574881,261518,Dustin,41.855212,-87.64027,10
USR_2486c6120a,263112,Lisa,41.890701,-87.695366,10
USR_2486c6120a,263112,Lisa,41.843514,-87.62754,10
USR_2486c6120a,263112,Lisa,41.874803,-87.685226,10
USR_2486c6120a,263112,Lisa,41.850523,-87.69064,10
USR_2486c6120a,263112,Lisa,41.858851,-87.651861,10
USR_2486c6120a,263112,Lisa,41.845642,-87.621485,10
USR_df35947cda,266404,Pamela,41.87202,-87.632854,10
USR_df35947cda,266404,Pamela,41.856208,-87.672583,10
USR_df35947cda,266404,Pamela,41.858213,-87.613323,10
USR_df35947cda,266404,Pamela,41.861628,-87.698724,10
USR_df35947cda,266404,Pamela,41.896646,-87.677344,10
USR_4894c6bfda,277967,Christy,41.881235,-87.658753,10
USR_4894c6bfda,277967,Christy,41.856794,-87.691584,10
USR_4894c6bfda,277967,Christy,41.885488,-87.688115,10
USR_4894c6bfda,277967,Christy,41.871348,-87.645338,10
USR_4894c6bfda,277967,Christy,41.860353,-87.644046,10
USR_4894c6bfda,277967,Christy,41.879848,-87.614191,10
USR_4894c6bfda,277967,Christy,41.898723,-87.696064,10
USR_cf5c4443b9,278365,Kiara,41.887402,-87.62014,10
USR_cf5c4443b9,278365,Kiara,41.845669,-87.684615,10
USR_cf5c4443b9,278365,Kiara,41.863554,-87.65073,10
USR_cf5c4443b9,278365,Kiara,41.854674,-87.61278,10
USR_cf5c4443b9,278365,Kiara,41.895662,-87.683843,10
USR_010f6a317b,285527,Stephen,41.85333,-87.666751,10
USR_010f6a317b,285527,Stephen,41.880282,-87.691876,10
USR_010f6a317b,285527,Stephen,41.883965,-87.603909,10
USR_010f6a317b,285527,Stephen,41.891942,-87.627446,10
USR_010f6a317b,285527,Stephen,41.869361,-87.635229,10
USR_010f6a317b,285527,Stephen,41.881887,-87.678624,10
USR_a762d49080,296390,Barry,41.862165,-87.658755,10
USR_a762d49080,296390,Barry,41.866752,-87.636706,10
USR_a762d49080,296390,Barry,41.883893,-87.674463,10
USR_a762d49080,296390,Barry,41.885114,-87.657392,10
USR_a762d49080,296390,Barry,41.872656,-87.681276,10
USR_a762d49080,296390,Barry,41.84162,-87.667204,10
USR_ab62800389,315750,Brenda,41.848281,-87.635042,10
USR_ab62800389,315750,Brenda,41.869992,-87.667782,10
USR_ab62800389,315750,Brenda,41.842768,-87.682293,10
USR_ab62800389,315750,Brenda,41.895279,-87.673933,10
USR_ab62800389,315750,Brenda,41.840706,-87.619205,10
USR_ab62800389,315750,Brenda,41.891595,-87.644853,10
USR_ab62800389,315750,Brenda,41.893652,-87.642902,10
USR_e4f111bc7d,322796,Raven,41.861867,-87.672712,10
USR_e4f111bc7d,322796,Raven,41.851267,-87.630971,10
USR_e4f111bc7d,322796,Raven,41.883012,-87.635377,10
USR_e4f111bc7d,322796,Raven,41.880029,-87.635362,10
USR_e4f111bc7d,322796,Raven,41.885437,-87.692608,10
USR_e4f111bc7d,322796,Raven,41.850148,-87.697418,10
USR_e4f111bc7d,322796,Raven,41.848731,-87.615571,10
USR_c794bd35db,324035,Tyler,41.867345,-87.601632,10
USR_c794bd35db,324035,Tyler,41.84256,-87.605572,10
USR_c794bd35db,324035,Tyler,41.863898,-87.652805,10
USR_c794bd35db,324035,Tyler,41.890377,-87.662155,10
USR_c794bd35db,324035,Tyler,41.881822,-87.61809,10
USR_c794bd35db,324035,Tyler,41.867372,-87.600621,10
USR_68fdcdce20,328956,Natasha,41.874876,-87.657201,10
USR_68fdcdce20,328956,Natasha,41.8513,-87.633972,10
USR_68fdcdce20,328956,Natasha,41.851912,-87.695836,10
USR_68fdcdce20,328956,Natasha,41.868423,-87.696607,10
USR_68fdcdce20,328956,Natasha,41.875131,-87.672671,10
USR_f62243e5c8,333847,Joseph,41.875863,-87.635312,10
USR_f62243e5c8,333847,Joseph,41.879052,-87.623264,10
USR_f62243e5c8,333847,Joseph,41.867758,-87.602445,10
USR_f62243e5c8,333847,Joseph,41.872755,-87.688432,10
USR_f62243e5c8,333847,Joseph,41.858527,-87.69188,10
USR_f62243e5c8,333847,Joseph,41.872098,-87.678725,10
USR_f62243e5c8,333847,Joseph,41.853679,-87.627687,10
USR_3e182b1ea9,343787,Maria,41.859011,-87.612862,10
USR_3e182b1ea9,343787,Maria,41.89959,-87.655119,10
USR_3e182b1ea9,343787,Maria,41.853006,-87.691232,10
USR_3e182b1ea9,343787,Maria,41.849995,-87.666292,10
USR_3e182b1ea9,343787,Maria,41.87232,-87.698998,10
USR_3e182b1ea9,343787,Maria,41.892836,-87.616702,10
USR_e043899daa,347397,Kevin,41.846468,-87.687319,10
USR_e043899daa,347397,Kevin,41.843125,-87.6495,10
USR_e043899daa,347397,Kevin,41.841491,-87.670191,10
USR_e043899daa,347397,Kevin,41.845525,-87.651766,10
USR_e043899daa,347397,Kevin,41.897846,-87.613803,10
USR_e043899daa,347397,Kevin,41.885248,-87.69167,10
USR_e043899daa,347397,Kevin,41.8534,-87.698622,10
USR_219dc550cd,355102,Ann,41.891743,-87.617868,10
USR_219dc550cd,355102,Ann,41.855431,-87.673899,10
USR_219dc550cd,355102,Ann,41.872283,-87.637913,10
USR_219dc550cd,355102,Ann,41.870695,-87.634332,10
USR_219dc550cd,355102,Ann,41.886943,-87.660931,10
USR_eb23efbb26,361010,Ray,41.869503,-87.655652,10
USR_eb23efbb26,361010,Ray,41.882846,-87.685887,10
USR_eb23efbb26,361010,Ray,41.880796,-87.694428,10
USR_eb23efbb26,361010,Ray,41.852558,-87.642983,10
USR_eb23efbb26,361010,Ray,41.899364,-87.619848,10
USR_eb23efbb26,361010,Ray,41.879076,-87.696516,10
USR_eb23efbb26,361010,Ray,41.85759,-87.643438,10
USR_6678509770,361043,Bethany,41.898455,-87.695132,10
USR_6678509770,361043,Bethany,41.853778,-87.69161,10
USR_6678509770,361043,Bethany,41.88276,-87.669614,10
USR_6678509770,361043,Bethany,41.867816,-87.692194,10
USR_6678509770,361043,Bethany,41.865044,-87.629046,10
USR_6678509770,361043,Bethany,41.876612,-87.644479,10
USR_cdb47ca91c,371542,Janice,41.869918,-87.694663,10
USR_cdb47ca91c,371542,Janice,41.873129,-87.666278,10
USR_cdb47ca91c,371542,Janice,41.879818,-87.62871,10
USR_cdb47ca91c,371542,Janice,41.86325,-87.673587,10
USR_cdb47ca91c,371542,Janice,41.897561,-87.685034,10
USR_cdb47ca91c,371542,Janice,41.859492,-87.614033,10
USR_15299a0c1f,387652,Kelly,41.870102,-87.629587,10
USR_15299a0c1f,387652,Kelly,41.842109,-87.687385,10
USR_15299a0c1f,387652,Kelly,41.853328,-87.635598,10
USR_15299a0c1f,387652,Kelly,41.857972,-87.693439,10
USR_15299a0c1f,387652,Kelly,41.850155,-87.636669,10
USR_15299a0c1f,387652,Kelly,41.869012,-87.638753,10
USR_15299a0c1f,387652,Kelly,41.88411,-87.657011,10
USR_8681d2aa20,393298,Charles,41.876327,-87.641731,10
USR_8681d2aa20,393298,Charles,41.890026,-87.630027,10
USR_8681d2aa20,393298,Charles,41.875559,-87.672876,10
USR_8681d2aa20,393298,Charles,41.890187,-87.692305,10
USR_8681d2aa20,393298,Charles,41.842442,-87.611268,10
USR_8681d2aa20,393298,Charles,41.873005,-87.692373,10
USR_a0393902db,394922,April,41.853258,-87.699815,10
USR_a0393902db,394922,April,41.889506,-87.663084,10
USR_a0393902db,394922,April,41.871696,-87.617107,10
USR_a0393902db,394922,April,41.873599,-87.600805,10
USR_a0393902db,394922,April,41.891198,-87.693938,10
USR_a0393902db,394922,April,41.895041,-87.694508,10
USR_a7c0c13c70,398317,Heather,41.872745,-87.61596,10
USR_a7c0c13c70,398317,Heather,41.863232,-87.605569,10
USR_a7c0c13c70,398317,Heather,41.877494,-87.680486,10
USR_a7c0c13c70,398317,Heather,41.898164,-87.630951,10
USR_a7c0c13c70,398317,Heather,41.896846,-87.648851,10
USR_a7c0c13c70,398317,Heather,41.869399,-87.623894,10
USR_a7c0c13c70,398317,Heather,41.852573,-87.675401,10
USR_6f90f10111,399194,Carol,41.879236,-87.601459,10
USR_6f90f10111,399194,Carol,41.898619,-87.680834,10
USR_6f90f10111,399194,Carol,41.881691,-87.608186,10
USR_6f90f10111,399194,Carol,41.860944,-87.616944,10
USR_6f90f10111,399194,Carol,41.864374,-87.650321,10
USR_6f90f10111,399194,Carol,41.879754,-87.632924,10
USR_6f90f10111,399194,Carol,41.893011,-87.671064,10
USR_9e8c5571ed,400076,George,41.893192,-87.623587,10
USR_9e8c5571ed,400076,George,41.897663,-87.671903,10
USR_9e8c5571ed,400076,George,41.849598,-87.616195,10
USR_9e8c5571ed,400076,George,41.899584,-87.621865,10
USR_9e8c5571ed,400076,George,41.860397,-87.692581,10
USR_9e8c5571ed,400076,George,41.840268,-87.653177,10
USR_0533b55fe4,400948,Rodney,41.86545,-87.685197,10
USR_0533b55fe4,400948,Rodney,41.855033,-87.615357,10
USR_0533b55fe4,400948,Rodney,41.845146,-87.684234,10
USR_0533b55fe4,400948,Rodney,41.86298,-87.639821,10
USR_0533b55fe4,400948,Rodney,41.898032,-87.648282,10
USR_0533b55fe4,400948,Rodney,41.859419,-87.675046,10
USR_b4807a1aaa,403241,Gregory,41.893268,-87.649192,10
USR_b4807a1aaa,403241,Gregory,41.864403,-87.67348,10
USR_b4807a1aaa,403241,Gregory,41.891967,-87.668132,10
USR_b4807a1aaa,403241,Gregory,41.847835,-87.675485,10
USR_b4807a1aaa,403241,Gregory,41.863104,-87.618745,10
USR_b4807a1aaa,403241,Gregory,41.88812,-87.68802,10
USR_b4807a1aaa,403241,Gregory,41.845535,-87.68843,10
USR_0440336ee3,406704,Kellie,41.8768,-87.682332,10
USR_0440336ee3,406704,Kellie,41.851023,-87.608904,10
USR_0440336ee3,406704,Kellie,41.869713,-87.613322,10
USR_0440336ee3,406704,Kellie,41.88999,-87.696923,10
USR_0440336ee3,406704,Kellie,41.847763,-87.679429,10
USR_50f27cd8f4,411693,Julie,41.842158,-87.653291,10
USR_50f27cd8f4,411693,Julie,41.86043,-87.665434,10
USR_50f27cd8f4,411693,Julie,41.87436,-87.634111,10
USR_50f27cd8f4,411693,Julie,41.866966,-87.61448,10
USR_50f27cd8f4,411693,Julie,41.857853,-87.6591,10
USR_e69c004c2c,415774,Olivia,41.898883,-87.681905,10
USR_e69c004c2c,415774,Olivia,41.898849,-87.689802,10
USR_e69c004c2c,415774,Olivia,41.845075,-87.612963,10
USR_e69c004c2c,415774,Olivia,41.875775,-87.661607,10
USR_e69c004c2c,415774,Olivia,41.881059,-87.6675,10
USR_e69c004c2c,415774,Olivia,41.860743,-87.659089,10
USR_e69c004c2c,415774,Olivia,41.857263,-87.659269,10
USR_2bc00c287d,418897,Regina,41.844293,-87.690426,10
USR_2bc00c287d,418897,Regina,41.876354,-87.631433,10
USR_2bc00c287d,418897,Regina,41.892446,-87.696226,10
USR_2bc00c287d,418897,Regina,41.889941,-87.649058,10
USR_2bc00c287d,418897,Regina,41.862359,-87.681773,10
USR_80cdd626d3,419292,Shaun,41.896442,-87.647064,10
USR_80cdd626d3,419292,Shaun,41.869652,-87.661795,10
USR_80cdd626d3,419292,Shaun,41.866807,-87.633189,10
USR_80cdd626d3,419292,Shaun,41.892372,-87.677244,10
USR_80cdd626d3,419292,Shaun,41.89705,-87.645976,10
USR_80cdd626d3,419292,Shaun,41.841086,-87.639175,10
USR_80cdd626d3,419292,Shaun,41.882679,-87.637009,10
USR_aaac72d482,425250,Gabriel,41.882728,-87.66094,10
USR_aaac72d482,425250,Gabriel,41.846282,-87.6607,10
USR_aaac72d482,425250,Gabriel,41.866328,-87.664933,10
USR_aaac72d482,425250,Gabriel,41.888195,-87.655993,10
USR_aaac72d482,425250,Gabriel,41.873928,-87.629372,10
USR_aaac72d482,425250,Gabriel,41.883114,-87.602173,10
USR_3b78d590e2,427168,Stephanie,41.857123,-87.685299,10
USR_3b78d590e2,427168,Stephanie,41.859612,-87.66049,10
USR_3b78d590e2,427168,Stephanie,41.888975,-87.691324,10
USR_3b78d590e2,427168,Stephanie,41.865695,-87.646362,10
USR_3b78d590e2,427168,Stephanie,41.899028,-87.679579,10
USR_3b78d590e2,427168,Stephanie,41.896523,-87.637869,10
USR_8e4408b475,433382,Morgan,41.87261,-87.632843,10
USR_8e4408b475,433382,Morgan,41.844737,-87.661905,10
USR_8e4408b475,433382,Morgan,41.897498,-87.659722,10
USR_8e4408b475,433382,Morgan,41.876711,-87.618009,10
USR_8e4408b475,433382,Morgan,41.841752,-87.605157,10
USR_8e4408b475,433382,Morgan,41.870948,-87.634763,10
USR_93a6742abd,436303,Alan,41.853567,-87.641638,10
USR_93a6742abd,436303,Alan,41.89434,-87.637096,10
USR_93a6742abd,436303,Alan,41.895891,-87.682855,10
USR_93a6742abd,436303,Alan,41.873282,-87.647691,10
USR_93a6742abd,436303,Alan,41.880489,-87.682188,10
USR_93a6742abd,436303,Alan,41.88667,-87.621615,10
USR_7a55606330,453144,Stacey,41.877998,-87.635921,10
USR_7a55606330,453144,Stacey,41.862967,-87.63815,10
USR_7a55606330,453144,Stacey,41.863483,-87.666128,10
USR_7a55606330,453144,Stacey,41.886795,-87.605653,10
USR_7a55606330,453144,Stacey,41.840618,-87.621864,10
USR_e4b6037823,453224,Barbara,41.898757,-87.624053,10
USR_e4b6037823,453224,Barbara,41.868931,-87.629809,10
USR_e4b6037823,453224,Barbara,41.859021,-87.688411,10
USR_e4b6037823,453224,Barbara,41.845306,-87.652394,10
USR_e4b6037823,453224,Barbara,41.867188,-87.638464,10
USR_e4b6037823,453224,Barbara,41.850495,-87.670365,10
USR_e4b6037823,453224,Barbara,41.867698,-87.657219,10
USR_0dc3c11cd0,456535,Anna,41.863653,-87.669302,10
USR_0dc3c11cd0,456535,Anna,41.884007,-87.611664,10
USR_0dc3c11cd0,456535,Anna,41.860187,-87.620051,10
USR_0dc3c11cd0,456535,Anna,41.866721,-87.689622,10
USR_0dc3c11cd0,456535,Anna,41.849569,-87.646088,10
USR_0dc3c11cd0,456535,Anna,41.857354,-87.613051,10
USR_74544aac9c,457878,Molly,41.85006,-87.678246,10
USR_74544aac9c,457878,Molly,41.866313,-87.636841,10
USR_74544aac9c,457878,Molly,41.853659,-87.65091,10
USR_74544aac9c,457878,Molly,41.874441,-87.688911,10
USR_74544aac9c,457878,Molly,41.871084,-87.645497,10
USR_74544aac9c,457878,Molly,41.89041,-87.653627,10
USR_74544aac9c,457878,Molly,41.853809,-87.644976,10
USR_57ad79649b,462437,Patrick,41.846618,-87.635298,10
USR_57ad79649b,462437,Patrick,41.860674,-87.683346,10
USR_57ad79649b,462437,Patrick,41.854462,-87.659543,10
USR_57ad79649b,462437,Patrick,41.853444,-87.692713,10
USR_57ad79649b,462437,Patrick,41.873235,-87.698172,10
USR_33dca1c0c1,464642,Susan,41.883169,-87.675417,10
USR_33dca1c0c1,464642,Susan,41.867536,-87.696634,10
USR_33dca1c0c1,464642,Susan,41.843662,-87.611534,10
USR_33dca1c0c1,464642,Susan,41.874329,-87.673449,10
USR_33dca1c0c1,464642,Susan,41.892599,-87.694539,10
USR_4e1412292f,468693,Cory,41.855873,-87.630084,10
USR_4e1412292f,468693,Cory,41.861203,-87.600894,10
USR_4e1412292f,468693,Cory,41.853722,-87.658996,10
USR_4e1412292f,468693,Cory,41.87242,-87.669243,10
USR_4e1412292f,468693,Cory,41.881106,-87.683211,10
USR_4e1412292f,468693,Cory,41.841804,-87.671565,10
USR_4e1412292f,468693,Cory,41.8532,-87.604107,10
USR_81f973184e,468753,Samantha,41.88861,-87.664451,10
USR_81f973184e,468753,Samantha,41.845897,-87.696958,10
USR_81f973184e,468753,Samantha,41.891686,-87.618949,10
USR_81f973184e,468753,Samantha,41.852203,-87.660598,10
USR_81f973184e,468753,Samantha,41.869451,-87.60016,10
USR_81f973184e,468753,Samantha,41.845084,-87.658041,10
USR_69260307e0,474488,Claire,41.854156,-87.689752,10
USR_69260307e0,474488,Claire,41.89764,-87.643803,10
USR_69260307e0,474488,Claire,41.884661,-87.6836,10
USR_69260307e0,474488,Claire,41.84709,-87.686297,10
USR_69260307e0,474488,Claire,41.865511,-87.634411,10
USR_f08c55b865,481437,Judith,41.850668,-87.674654,10
USR_f08c55b865,481437,Judith,41.898389,-87.612394,10
USR_f08c55b865,481437,Judith,41.874817,-87.63542,10
USR_f08c55b865,481437,Judith,41.897917,-87.603184,10
USR_f08c55b865,481437,Judith,41.885335,-87.616139,10
USR_6b8f1df1e7,483737,Penny,41.890627,-87.661856,10
USR_6b8f1df1e7,483737,Penny,41.869052,-87.687748,10
USR_6b8f1df1e7,483737,Penny,41.872308,-87.615039,10
USR_6b8f1df1e7,483737,Penny,41.861409,-87.607666,10
USR_6b8f1df1e7,483737,Penny,41.858423,-87.615609,10
USR_6b8f1df1e7,483737,Penny,41.877759,-87.634666,10
USR_6b8f1df1e7,483737,Penny,41.89486,-87.623905,10
USR_9828034f45,484180,Jeff,41.889197,-87.607352,10
USR_9828034f45,484180,Jeff,41.896776,-87.658499,10
USR_9828034f45,484180,Jeff,41.843839,-87.609678,10
USR_9828034f45,484180,Jeff,41.875409,-87.68236,10
USR_9828034f45,484180,Jeff,41.842925,-87.60054,10
USR_9828034f45,484180,Jeff,41.852361,-87.651013,10
USR_9828034f45,484180,Jeff,41.879957,-87.63586,10
USR_c3687ab988,487714,Paul,41.870544,-87.6141,10
USR_c3687ab988,487714,Paul,41.856974,-87.610384,10
USR_c3687ab988,487714,Paul,41.848065,-87.659544,10
USR_c3687ab988,487714,Paul,41.845022,-87.629987,10
USR_c3687ab988,487714,Paul,41.840961,-87.68901,10
USR_c3687ab988,487714,Paul,41.886837,-87.64503,10
USR_c3687ab988,487714,Paul,41.884888,-87.618589,10
USR_0adecf0e4c,492285,Kristen,41.848643,-87.614961,10
USR_0adecf0e4c,492285,Kristen,41.877019,-87.636548,10
USR_0adecf0e4c,492285,Kristen,41.844418,-87.66316,10
USR_0adecf0e4c,492285,Kristen,41.854694,-87.691297,10
USR_0adecf0e4c,492285,Kristen,41.888927,-87.609672,10
USR_0adecf0e4c,492285,Kristen,41.899626,-87.673379,10
USR_b7f73c5b66,494486,Robert,41.862516,-87.666397,10
USR_b7f73c5b66,494486,Robert,41.857669,-87.692326,10
USR_b7f73c5b66,494486,Robert,41.864228,-87.620103,10
USR_b7f73c5b66,494486,Robert,41.864118,-87.665342,10
USR_b7f73c5b66,494486,Robert,41.899292,-87.669211,10
USR_b7f73c5b66,494486,Robert,41.89089,-87.634198,10
USR_7347fd3b86,510374,Martin,41.899846,-87.608626,10
USR_7347fd3b86,510374,Martin,41.88858,-87.65106,10
USR_7347fd3b86,510374,Martin,41.866975,-87.697428,10
USR_7347fd3b86,510374,Martin,41.878672,-87.651685,10
USR_7347fd3b86,510374,Martin,41.865373,-87.673665,10
USR_b768a340bb,511689,Tara,41.871042,-87.672207,10
USR_b768a340bb,511689,Tara,41.870659,-87.636066,10
USR_b768a340bb,511689,Tara,41.886623,-87.664177,10
USR_b768a340bb,511689,Tara,41.862518,-87.696747,10
USR_b768a340bb,511689,Tara,41.883497,-87.694258,10
USR_92051bb524,514185,Benjamin,41.859245,-87.653753,10
USR_92051bb524,514185,Benjamin,41.864647,-87.625971,10
USR_92051bb524,514185,Benjamin,41.868143,-87.630942,10
USR_92051bb524,514185,Benjamin,41.848007,-87.607748,10
USR_92051bb524,514185,Benjamin,41.897033,-87.647541,10
USR_92051bb524,514185,Benjamin,41.880511,-87.679802,10
USR_2de690d615,517235,Madison,41.851609,-87.627608,10
USR_2de690d615,517235,Madison,41.871398,-87.649204,10
USR_2de690d615,517235,Madison,41.88883,-87.663908,10
USR_2de690d615,517235,Madison,41.880686,-87.604694,10
USR_2de690d615,517235,Madison,41.843845,-87.674258,10
USR_2de690d615,517235,Madison,41.89066,-87.685129,10
USR_2f8f37e09f,526845,Ethan,41.854026,-87.653874,10
USR_2f8f37e09f,526845,Ethan,41.859678,-87.640084,10
USR_2f8f37e09f,526845,Ethan,41.870608,-87.664011,10
USR_2f8f37e09f,526845,Ethan,41.851271,-87.623303,10
USR_2f8f37e09f,526845,Ethan,41.852866,-87.609022,10
USR_2f8f37e09f,526845,Ethan,41.888627,-87.691785,10
USR_d7bba0b92a,530834,Connie,41.898215,-87.641692,10
USR_d7bba0b92a,530834,Connie,41.891941,-87.604338,10
USR_d7bba0b92a,530834,Connie,41.866431,-87.667937,10
USR_d7bba0b92a,530834,Connie,41.862986,-87.644665,10
USR_d7bba0b92a,530834,Connie,41.861089,-87.642635,10
USR_ef547badb8,532099,James,41.886597,-87.629993,10
USR_ef547badb8,532099,James,41.882699,-87.664226,10
USR_ef547badb8,532099,James,41.896311,-87.659876,10
USR_ef547badb8,532099,James,41.88296,-87.690949,10
USR_ef547badb8,532099,James,41.879071,-87.615377,10
USR_ef547badb8,532099,James,41.853853,-87.616198,10
USR_ef547badb8,532099,James,41.877816,-87.645948,10
USR_245a715212,533878,Tammy,41.869068,-87.602953,10
USR_245a715212,533878,Tammy,41.853885,-87.610655,10
USR_245a715212,533878,Tammy,41.867997,-87.605913,10
USR_245a715212,533878,Tammy,41.886802,-87.641311,10
USR_245a715212,533878,Tammy,41.871396,-87.684351,10
USR_245a715212,533878,Tammy,41.863681,-87.60469,10
USR_245a715212,533878,Tammy,41.874741,-87.62815,10
USR_d27937f914,536809,David,41.897014,-87.610156,10
USR_d27937f914,536809,David,41.887457,-87.627588,10
USR_d27937f914,536809,David,41.89009,-87.677702,10
USR_d27937f914,536809,David,41.843621,-87.670766,10
USR_d27937f914,536809,David,41.87369,-87.637536,10
USR_d27937f914,536809,David,41.885864,-87.606665,10
USR_d27937f914,536809,David,41.897551,-87.657654,10
USR_6c1cc012dd,538057,Manuel,41.847585,-87.647287,10
USR_6c1cc012dd,538057,Manuel,41.859667,-87.629938,10
USR_6c1cc012dd,538057,Manuel,41.881523,-87.634496,10
USR_6c1cc012dd,538057,Manuel,41.856198,-87.683469,10
USR_6c1cc012dd,538057,Manuel,41.857536,-87.636031,10
USR_5753a498f0,538273,John,41.891417,-87.636674,10
USR_5753a498f0,538273,John,41.878548,-87.685073,10
USR_5753a498f0,538273,John,41.899034,-87.627827,10
USR_5753a498f0,538273,John,41.874373,-87.608221,10
USR_5753a498f0,538273,John,41.877444,-87.687646,10
USR_5753a498f0,538273,John,41.881755,-87.655133,10
USR_5753a498f0,538273,John,41.847339,-87.668545,10
USR_a0b9ed82c8,541283,Robyn,41.897634,-87.679851,10
USR_a0b9ed82c8,541283,Robyn,41.854898,-87.60341,10
USR_a0b9ed82c8,541283,Robyn,41.897363,-87.639002,10
USR_a0b9ed82c8,541283,Robyn,41.84109,-87.638912,10
USR_a0b9ed82c8,541283,Robyn,41.850322,-87.680892,10
USR_9d39cbb56b,544755,Martha,41.887288,-87.619173,10
USR_9d39cbb56b,544755,Martha,41.881729,-87.667429,10
USR_9d39cbb56b,544755,Martha,41.854104,-87.626301,10
USR_9d39cbb56b,544755,Martha,41.844175,-87.69071,10
USR_9d39cbb56b,544755,Martha,41.895956,-87.609097,10
USR_e4e06712f7,549212,Jacqueline,41.876446,-87.677133,10
USR_e4e06712f7,549212,Jacqueline,41.891303,-87.685832,10
USR_e4e06712f7,549212,Jacqueline,41.862886,-87.640937,10
USR_e4e06712f7,549212,Jacqueline,41.878018,-87.621214,10
USR_e4e06712f7,549212,Jacqueline,41.898042,-87.660907,10
USR_7c6cf58961,553421,Nathan,41.874016,-87.653708,10
USR_7c6cf58961,553421,Nathan,41.873402,-87.619827,10
USR_7c6cf58961,553421,Nathan,41.856321,-87.634963,10
USR_7c6cf58961,553421,Nathan,41.848237,-87.664901,10
USR_7c6cf58961,553421,Nathan,41.861306,-87.651078,10
USR_7c6cf58961,553421,Nathan,41.840105,-87.638361,10
USR_17305a2f2a,554215,Nicole,41.881021,-87.628741,10
USR_17305a2f2a,554215,Nicole,41.858697,-87.625384,10
USR_17305a2f2a,554215,Nicole,41.884797,-87.604073,10
USR_17305a2f2a,554215,Nicole,41.872984,-87.678772,10
USR_17305a2f2a,554215,Nicole,41.890182,-87.635512,10
USR_ea46656141,555342,Laurie,41.883763,-87.613175,10
USR_ea46656141,555342,Laurie,41.889891,-87.676787,10
USR_ea46656141,555342,Laurie,41.897103,-87.623912,10
USR_ea46656141,555342,Laurie,41.885661,-87.643851,10
USR_ea46656141,555342,Laurie,41.886825,-87.6413,10
USR_d522f31b6c,556577,Ryan,41.893524,-87.66951,10
USR_d522f31b6c,556577,Ryan,41.885898,-87.680337,10
USR_d522f31b6c,556577,Ryan,41.887265,-87.661774,10
USR_d522f31b6c,556577,Ryan,41.871834,-87.615329,10
USR_d522f31b6c,556577,Ryan,41.890789,-87.695372,10
USR_d522f31b6c,556577,Ryan,41.877652,-87.630878,10
USR_6b96563087,558765,Maurice,41.88925,-87.624716,10
USR_6b96563087,558765,Maurice,41.847412,-87.661218,10
USR_6b96563087,558765,Maurice,41.848498,-87.646829,10
USR_6b96563087,558765,Maurice,41.868999,-87.606316,10
USR_6b96563087,558765,Maurice,41.866906,-87.696142,10
USR_6b96563087,558765,Maurice,41.843717,-87.638125,10
USR_c8fa8cb4f8,562328,Tony,41.851066,-87.698239,10
USR_c8fa8cb4f8,562328,Tony,41.843884,-87.654955,10
USR_c8fa8cb4f8,562328,Tony,41.850964,-87.615399,10
USR_c8fa8cb4f8,562328,Tony,41.867127,-87.628201,10
USR_c8fa8cb4f8,562328,Tony,41.896776,-87.64821,10
USR_c8fa8cb4f8,562328,Tony,41.85401,-87.615036,10
USR_5213715efe,570446,Tommy,41.841662,-87.617184,10
USR_5213715efe,570446,Tommy,41.880865,-87.612697,10
USR_5213715efe,570446,Tommy,41.898569,-87.694702,10
USR_5213715efe,570446,Tommy,41.893836,-87.611903,10
USR_5213715efe,570446,Tommy,41.856089,-87.639954,10
USR_99de5b28b1,577145,Veronica,41.850896,-87.642572,10
USR_99de5b28b1,577145,Veronica,41.868555,-87.6078,10
USR_99de5b28b1,577145,Veronica,41.873786,-87.677973,10
USR_99de5b28b1,577145,Veronica,41.873778,-87.641845,10
USR_99de5b28b1,577145,Veronica,41.877768,-87.654724,10
USR_99de5b28b1,577145,Veronica,41.893848,-87.681361,10
USR_99de5b28b1,577145,Veronica,41.854206,-87.642131,10
USR_6a3fb35b67,582752,Laura,41.862225,-87.620957,10
USR_6a3fb35b67,582752,Laura,41.840915,-87.605177,10
USR_6a3fb35b67,582752,Laura,41.862028,-87.672193,10
USR_6a3fb35b67,582752,Laura,41.876093,-87.620375,10
USR_6a3fb35b67,582752,Laura,41.844418,-87.661722,10
USR_f8c38b2167,592588,Michael,41.880581,-87.689071,10
USR_f8c38b2167,592588,Michael,41.842339,-87.687304,10
USR_f8c38b2167,592588,Michael,41.862863,-87.690483,10
USR_f8c38b2167,592588,Michael,41.864926,-87.618612,10
USR_f8c38b2167,592588,Michael,41.892383,-87.677779,10
USR_f8c38b2167,592588,Michael,41.870732,-87.684043,10
USR_f8c38b2167,592588,Michael,41.877613,-87.622418,10
USR_c269af59b8,596397,Rachel,41.851425,-87.623899,10
USR_c269af59b8,596397,Rachel,41.873489,-87.646964,10
USR_c269af59b8,596397,Rachel,41.850926,-87.648919,10
USR_c269af59b8,596397,Rachel,41.881133,-87.623492,10
USR_c269af59b8,596397,Rachel,41.898488,-87.608165,10
USR_94f85995c7,598625,Mary,41.857717,-87.659864,10
USR_94f85995c7,598625,Mary,41.845549,-87.691989,10
USR_94f85995c7,598625,Mary,41.854227,-87.601129,10
USR_94f85995c7,598625,Mary,41.892927,-87.65093,10
USR_94f85995c7,598625,Mary,41.84841,-87.677252,10
USR_94f85995c7,598625,Mary,41.848689,-87.696034,10
USR_d0184be86f,599796,Timothy,41.868577,-87.674107,10
USR_d0184be86f,599796,Timothy,41.881853,-87.625022,10
USR_d0184be86f,599796,Timothy,41.877878,-87.649211,10
USR_d0184be86f,599796,Timothy,41.851449,-87.648623,10
USR_d0184be86f,599796,Timothy,41.85517,-87.61656,10
USR_d0184be86f,599796,Timothy,41.84145,-87.642664,10
USR_d0184be86f,599796,Timothy,41.875241,-87.614833,10
USR_63330cabbe,610713,Jamie,41.849395,-87.60806,10
USR_63330cabbe,610713,Jamie,41.875959,-87.695591,10
USR_63330cabbe,610713,Jamie,41.877824,-87.66508,10
USR_63330cabbe,610713,Jamie,41.852174,-87.625776,10
USR_63330cabbe,610713,Jamie,41.852021,-87.697795,10
USR_34d2c8a726,619804,Andrew,41.874758,-87.680193,10
USR_34d2c8a726,619804,Andrew,41.842805,-87.696929,10
USR_34d2c8a726,619804,Andrew,41.884639,-87.634286,10
USR_34d2c8a726,619804,Andrew,41.855633,-87.694914,10
USR_34d2c8a726,619804,Andrew,41.852448,-87.62444,10
USR_b914ecfe18,627179,Lindsey,41.880537,-87.623333,10
USR_b914ecfe18,627179,Lindsey,41.843986,-87.615441,10
USR_b914ecfe18,627179,Lindsey,41.847373,-87.635501,10
USR_b914ecfe18,627179,Lindsey,41.854838,-87.646687,10
USR_b914ecfe18,627179,Lindsey,41.885403,-87.684161,10
USR_b914ecfe18,627179,Lindsey,41.858275,-87.608798,10
USR_bd610b596d,632041,Zachary,41.892351,-87.62326,10
USR_bd610b596d,632041,Zachary,41.850541,-87.639135,10
USR_bd610b596d,632041,Zachary,41.863639,-87.685284,10
USR_bd610b596d,632041,Zachary,41.871419,-87.624269,10
USR_bd610b596d,632041,Zachary,41.887826,-87.620155,10
USR_bd610b596d,632041,Zachary,41.883053,-87.683485,10
USR_bd610b596d,632041,Zachary,41.867442,-87.620942,10
USR_d24e087f50,632505,Sarah,41.881379,-87.687684,10
USR_d24e087f50,632505,Sarah,41.842692,-87.621008,10
USR_d24e087f50,632505,Sarah,41.876869,-87.6344,10
USR_d24e087f50,632505,Sarah,41.846969,-87.610261,10
USR_d24e087f50,632505,Sarah,41.895013,-87.640912,10
USR_d24e087f50,632505,Sarah,41.845685,-87.698686,10
USR_d24e087f50,632505,Sarah,41.870688,-87.634538,10
USR_46e42e76fe,635543,Kurt,41.865022,-87.620493,10
USR_46e42e76fe,635543,Kurt,41.854112,-87.670174,10
USR_46e42e76fe,635543,Kurt,41.88839,-87.696853,10
USR_46e42e76fe,635543,Kurt,41.85575,-87.648525,10
USR_46e42e76fe,635543,Kurt,41.843742,-87.631722,10
USR_3635e19c41,649250,Chelsea,41.879075,-87.644524,10
USR_3635e19c41,649250,Chelsea,41.851965,-87.667074,10
USR_3635e19c41,649250,Chelsea,41.859314,-87.695046,10
USR_3635e19c41,649250,Chelsea,41.884378,-87.656786,10
USR_3635e19c41,649250,Chelsea,41.845801,-87.687478,10
USR_3635e19c41,649250,Chelsea,41.871271,-87.662927,10
USR_3635e19c41,649250,Chelsea,41.88766,-87.623528,10
USR_085277134d,649926,Jeremy,41.889514,-87.695286,10
USR_085277134d,649926,Jeremy,41.848618,-87.607735,10
USR_085277134d,649926,Jeremy,41.892112,-87.641164,10
USR_085277134d,649926,Jeremy,41.875479,-87.60557,10
USR_085277134d,649926,Jeremy,41.878022,-87.661462,10
USR_92cd44b1db,650038,Brooke,41.890282,-87.621651,10
USR_92cd44b1db,650038,Brooke,41.862021,-87.667354,10
USR_92cd44b1db,650038,Brooke,41.893301,-87.670795,10
USR_92cd44b1db,650038,Brooke,41.864874,-87.686536,10
USR_92cd44b1db,650038,Brooke,41.894561,-87.657942,10
USR_92cd44b1db,650038,Brooke,41.852717,-87.636633,10
USR_92cd44b1db,650038,Brooke,41.860566,-87.647676,10
USR_7c32a23ff0,657570,Keith,41.883568,-87.625122,10
USR_7c32a23ff0,657570,Keith,41.869795,-87.600937,10
USR_7c32a23ff0,657570,Keith,41.857521,-87.604676,10
USR_7c32a23ff0,657570,Keith,41.89472,-87.695071,10
USR_7c32a23ff0,657570,Keith,41.895762,-87.699286,10
USR_7c32a23ff0,657570,Keith,41.845729,-87.610438,10
USR_64542dbabb,659656,Alex,41.842554,-87.604738,10
USR_64542dbabb,659656,Alex,41.880826,-87.657547,10
USR_64542dbabb,659656,Alex,41.842283,-87.687539,10
USR_64542dbabb,659656,Alex,41.890484,-87.620752,10
USR_64542dbabb,659656,Alex,41.840243,-87.607823,10
USR_64542dbabb,659656,Alex,41.848897,-87.691104,10
USR_64542dbabb,659656,Alex,41.852371,-87.634571,10
USR_a624820604,680955,Kathleen,41.885398,-87.691718,10
USR_a624820604,680955,Kathleen,41.876725,-87.645382,10
USR_a624820604,680955,Kathleen,41.871679,-87.640755,10
USR_a624820604,680955,Kathleen,41.874431,-87.695017,10
USR_a624820604,680955,Kathleen,41.863139,-87.684414,10
USR_a624820604,680955,Kathleen,41.896038,-87.684786,10
USR_a624820604,680955,Kathleen,41.872713,-87.672234,10
USR_2cad89edce,691029,Melissa,41.854111,-87.672687,10
USR_2cad89edce,691029,Melissa,41.864179,-87.616711,10
USR_2cad89edce,691029,Melissa,41.845855,-87.622047,10
USR_2cad89edce,691029,Melissa,41.859841,-87.688987,10
USR_2cad89edce,691029,Melissa,41.877982,-87.691266,10
USR_2cad89edce,691029,Melissa,41.846531,-87.633626,10
USR_6217de8b4d,695211,Darryl,41.856207,-87.606146,10
USR_6217de8b4d,695211,Darryl,41.844174,-87.687913,10
USR_6217de8b4d,695211,Darryl,41.858563,-87.671655,10
USR_6217de8b4d,695211,Darryl,41.842218,-87.670914,10
USR_6217de8b4d,695211,Darryl,41.894992,-87.665483,10
USR_afafb73846,701218,Aaron,41.871903,-87.638838,10
USR_afafb73846,701218,Aaron,41.873617,-87.667443,10
USR_afafb73846,701218,Aaron,41.84654,-87.6949,10
USR_afafb73846,701218,Aaron,41.861554,-87.684592,10
USR_afafb73846,701218,Aaron,41.893306,-87.693255,10
USR_afafb73846,701218,Aaron,41.896743,-87.614926,10
USR_3e8204ac0a,703753,Kimberly,41.867935,-87.630371,10
USR_3e8204ac0a,703753,Kimberly,41.862386,-87.686271,10
USR_3e8204ac0a,703753,Kimberly,41.893255,-87.627375,10
USR_3e8204ac0a,703753,Kimberly,41.886249,-87.649342,10
USR_3e8204ac0a,703753,Kimberly,41.868908,-87.665289,10
USR_3e8204ac0a,703753,Kimberly,41.890127,-87.656324,10
USR_3e8204ac0a,703753,Kimberly,41.847325,-87.600539,10
USR_77c1b7759a,706516,Jonathan,41.893884,-87.6108,10
USR_77c1b7759a,706516,Jonathan,41.863438,-87.602521,10
USR_77c1b7759a,706516,Jonathan,41.850909,-87.691098,10
USR_77c1b7759a,706516,Jonathan,41.897062,-87.610637,10
USR_77c1b7759a,706516,Jonathan,41.892732,-87.623954,10
USR_da38697096,709235,Renee,41.852808,-87.642421,10
USR_da38697096,709235,Renee,41.865081,-87.691246,10
USR_da38697096,709235,Renee,41.847762,-87.6504,10
USR_da38697096,709235,Renee,41.843076,-87.694018,10
USR_da38697096,709235,Renee,41.889929,-87.624385,10
USR_da38697096,709235,Renee,41.890251,-87.671227,10
USR_da38697096,709235,Renee,41.856353,-87.68624,10
USR_cee3e6f63a,713907,Ronald,41.848019,-87.698734,10
USR_cee3e6f63a,713907,Ronald,41.864258,-87.629689,10
USR_cee3e6f63a,713907,Ronald,41.856437,-87.677703,10
USR_cee3e6f63a,713907,Ronald,41.879106,-87.663191,10
USR_cee3e6f63a,713907,Ronald,41.876128,-87.651737,10
USR_cee3e6f63a,713907,Ronald,41.852124,-87.684712,10
USR_d2a6484021,721265,Sandra,41.894496,-87.684041,10
USR_d2a6484021,721265,Sandra,41.863508,-87.618357,10
USR_d2a6484021,721265,Sandra,41.87766,-87.659677,10
USR_d2a6484021,721265,Sandra,41.888327,-87.664387,10
USR_d2a6484021,721265,Sandra,41.859277,-87.657945,10
USR_d2a6484021,721265,Sandra,41.869246,-87.6114,10
USR_2990073b4f,723930,Donna,41.882108,-87.651997,10
USR_2990073b4f,723930,Donna,41.844769,-87.619032,10
USR_2990073b4f,723930,Donna,41.85723,-87.643517,10
USR_2990073b4f,723930,Donna,41.897512,-87.682887,10
USR_2990073b4f,723930,Donna,41.894564,-87.619732,10
USR_2990073b4f,723930,Donna,41.874709,-87.693246,10
USR_2990073b4f,723930,Donna,41.89543,-87.648944,10
USR_74fe20b52e,740654,Allison,41.868049,-87.643411,10
USR_74fe20b52e,740654,Allison,41.87028,-87.637939,10
USR_74fe20b52e,740654,Allison,41.841303,-87.614711,10
USR_74fe20b52e,740654,Allison,41.892635,-87.684841,10
USR_74fe20b52e,740654,Allison,41.874526,-87.647432,10
USR_74fe20b52e,740654,Allison,41.842085,-87.619853,10
USR_74fe20b52e,740654,Allison,41.848616,-87.651735,10
USR_a4244dfc49,742849,Rebecca,41.84781,-87.676526,10
USR_a4244dfc49,742849,Rebecca,41.85371,-87.695603,10
USR_a4244dfc49,742849,Rebecca,41.863566,-87.626148,10
USR_a4244dfc49,742849,Rebecca,41.871839,-87.685916,10
USR_a4244dfc49,742849,Rebecca,41.854656,-87.680256,10
USR_a4244dfc49,742849,Rebecca,41.862827,-87.691552,10
USR_17903f9fe9,743543,Teresa,41.841962,-87.69557,10
USR_17903f9fe9,743543,Teresa,41.870687,-87.642685,10
USR_17903f9fe9,743543,Teresa,41.850138,-87.615197,10
USR_17903f9fe9,743543,Teresa,41.853384,-87.66699,10
USR_17903f9fe9,743543,Teresa,41.895951,-87.673469,10
USR_17903f9fe9,743543,Teresa,41.864999,-87.665475,10
USR_17903f9fe9,743543,Teresa,41.873022,-87.609784,10
USR_15d834b328,752316,Jessica,41.887252,-87.684712,10
USR_15d834b328,752316,Jessica,41.892454,-87.680512,10
USR_15d834b328,752316,Jessica,41.851306,-87.637416,10
USR_15d834b328,752316,Jessica,41.849683,-87.680234,10
USR_15d834b328,752316,Jessica,41.841867,-87.60865,10
USR_15d834b328,752316,Jessica,41.878759,-87.677249,10
USR_6765b59e50,757219,Miguel,41.876661,-87.661218,10
USR_6765b59e50,757219,Miguel,41.879715,-87.630141,10
USR_6765b59e50,757219,Miguel,41.8944,-87.677398,10
USR_6765b59e50,757219,Miguel,41.883086,-87.694753,10
USR_6765b59e50,757219,Miguel,41.880747,-87.625019,10
USR_6765b59e50,757219,Miguel,41.842437,-87.610552,10
USR_6765b59e50,757219,Miguel,41.894858,-87.623425,10
USR_c17bfb807d,766099,Kaitlyn,41.874808,-87.626437,10
USR_c17bfb807d,766099,Kaitlyn,41.884211,-87.616483,10
USR_c17bfb807d,766099,Kaitlyn,41.899562,-87.654601,10
USR_c17bfb807d,766099,Kaitlyn,41.885255,-87.63947,10
USR_c17bfb807d,766099,Kaitlyn,41.875276,-87.63645,10
USR_c17bfb807d,766099,Kaitlyn,41.845799,-87.626721,10
USR_79e1f69e11,768379,Tina,41.861277,-87.608897,10
USR_79e1f69e11,768379,Tina,41.890532,-87.68857,10
USR_79e1f69e11,768379,Tina,41.856181,-87.681088,10
USR_79e1f69e11,768379,Tina,41.889947,-87.611735,10
USR_79e1f69e11,768379,Tina,41.874815,-87.690214,10
USR_79e1f69e11,768379,Tina,41.872096,-87.648393,10
USR_472773a6ed,769406,Justin,41.864799,-87.613879,10
USR_472773a6ed,769406,Justin,41.888378,-87.659386,10
USR_472773a6ed,769406,Justin,41.852229,-87.608777,10
USR_472773a6ed,769406,Justin,41.849336,-87.682686,10
USR_472773a6ed,769406,Justin,41.840903,-87.647441,10
USR_472773a6ed,769406,Justin,41.851739,-87.603001,10
USR_472773a6ed,769406,Justin,41.870073,-87.631851,10
USR_5d569dfc13,769518,Sara,41.85088,-87.698856,10
USR_5d569dfc13,769518,Sara,41.885443,-87.678888,10
USR_5d569dfc13,769518,Sara,41.85146,-87.683267,10
USR_5d569dfc13,769518,Sara,41.852125,-87.634339,10
USR_5d569dfc13,769518,Sara,41.882613,-87.692054,10
USR_5d569dfc13,769518,Sara,41.844472,-87.617845,10
USR_821ea83142,778795,Patricia,41.871075,-87.636249,10
USR_821ea83142,778795,Patricia,41.8569,-87.626672,10
USR_821ea83142,778795,Patricia,41.857011,-87.62202,10
USR_821ea83142,778795,Patricia,41.896743,-87.607334,10
USR_821ea83142,778795,Patricia,41.881836,-87.6634,10
USR_821ea83142,778795,Patricia,41.886912,-87.634304,10
USR_821ea83142,778795,Patricia,41.885583,-87.622965,10
USR_187037e1a3,780337,Cheryl,41.858098,-87.614192,10
USR_187037e1a3,780337,Cheryl,41.869662,-87.699944,10
USR_187037e1a3,780337,Cheryl,41.891148,-87.687761,10
USR_187037e1a3,780337,Cheryl,41.898457,-87.618973,10
USR_187037e1a3,780337,Cheryl,41.886574,-87.601016,10
USR_90348242fc,784597,Alexandra,41.862765,-87.677817,10
USR_90348242fc,784597,Alexandra,41.890808,-87.650664,10
USR_90348242fc,784597,Alexandra,41.881031,-87.614307,10
USR_90348242fc,784597,Alexandra,41.855283,-87.68822,10
USR_90348242fc,784597,Alexandra,41.872126,-87.607159,10
USR_90348242fc,784597,Alexandra,41.898784,-87.633026,10
USR_90348242fc,784597,Alexandra,41.852744,-87.669764,10
USR_905cb326c7,806265,You,41.879733,-87.630304,10
USR_ee3ba772b9,812273,Catherine,41.883505,-87.666422,10
USR_ee3ba772b9,812273,Catherine,41.852733,-87.68715,10
USR_ee3ba772b9,812273,Catherine,41.890369,-87.65611,10
USR_ee3ba772b9,812273,Catherine,41.841727,-87.63817,10
USR_ee3ba772b9,812273,Catherine,41.87064,-87.661654,10
USR_ee3ba772b9,812273,Catherine,41.875214,-87.680069,10
USR_ee3ba772b9,812273,Catherine,41.886603,-87.671789,10
USR_b13e000eff,823375,Kenneth,41.846259,-87.698843,10
USR_b13e000eff,823375,Kenneth,41.864818,-87.610316,10
USR_b13e000eff,823375,Kenneth,41.856376,-87.667205,10
USR_b13e000eff,823375,Kenneth,41.857655,-87.615157,10
USR_b13e000eff,823375,Kenneth,41.851184,-87.697843,10
USR_da249710d6,826382,Donald,41.888653,-87.611679,10
USR_da249710d6,826382,Donald,41.8496,-87.626317,10
USR_da249710d6,826382,Donald,41.871834,-87.660842,10
USR_da249710d6,826382,Donald,41.879052,-87.600731,10
USR_da249710d6,826382,Donald,41.878178,-87.622977,10
USR_da249710d6,826382,Donald,41.877486,-87.697584,10
USR_da249710d6,826382,Donald,41.852911,-87.645753,10
USR_a9a2e8456b,828082,Joshua,41.876578,-87.665166,10
USR_a9a2e8456b,828082,Joshua,41.848353,-87.625242,10
USR_a9a2e8456b,828082,Joshua,41.866925,-87.600785,10
USR_a9a2e8456b,828082,Joshua,41.884218,-87.688947,10
USR_a9a2e8456b,828082,Joshua,41.886808,-87.683963,10
USR_a9a2e8456b,828082,Joshua,41.880868,-87.696184,10
USR_a9a2e8456b,828082,Joshua,41.87697,-87.610619,10
USR_f715ffaf2c,828704,Jesus,41.893198,-87.623581,10
USR_f715ffaf2c,828704,Jesus,41.866655,-87.611335,10
USR_f715ffaf2c,828704,Jesus,41.8942,-87.601338,10
USR_f715ffaf2c,828704,Jesus,41.890508,-87.634737,10
USR_f715ffaf2c,828704,Jesus,41.894838,-87.656625,10
USR_cc04229247,829653,Andrea,41.846064,-87.616246,10
USR_cc04229247,829653,Andrea,41.875769,-87.68856,10
USR_cc04229247,829653,Andrea,41.845084,-87.663251,10
USR_cc04229247,829653,Andrea,41.896632,-87.604034,10
USR_cc04229247,829653,Andrea,41.879681,-87.648057,10
USR_e7e312fea4,830275,Jason,41.840323,-87.632613,10
USR_e7e312fea4,830275,Jason,41.890021,-87.641645,10
USR_e7e312fea4,830275,Jason,41.86516,-87.645634,10
USR_e7e312fea4,830275,Jason,41.872816,-87.669807,10
USR_e7e312fea4,830275,Jason,41.890572,-87.628264,10
USR_e7e312fea4,830275,Jason,41.87998,-87.602323,10
USR_8eb4d8cb55,833418,Isaac,41.88553,-87.600967,10
USR_8eb4d8cb55,833418,Isaac,41.855453,-87.679494,10
USR_8eb4d8cb55,833418,Isaac,41.871848,-87.626703,10
USR_8eb4d8cb55,833418,Isaac,41.863661,-87.667686,10
USR_8eb4d8cb55,833418,Isaac,41.876642,-87.633296,10
USR_119533630b,838096,Colleen,41.893846,-87.632153,10
USR_119533630b,838096,Colleen,41.884334,-87.621093,10
USR_119533630b,838096,Colleen,41.88854,-87.644919,10
USR_119533630b,838096,Colleen,41.854316,-87.693729,10
USR_119533630b,838096,Colleen,41.850156,-87.642547,10
USR_98a9149812,842569,Denise,41.878716,-87.697029,10
USR_98a9149812,842569,Denise,41.855442,-87.680705,10
USR_98a9149812,842569,Denise,41.866438,-87.611134,10
USR_98a9149812,842569,Denise,41.871836,-87.611918,10
USR_98a9149812,842569,Denise,41.867911,-87.605317,10
USR_98a9149812,842569,Denise,41.872361,-87.641013,10
USR_028796d99c,843882,Paula,41.867348,-87.631757,10
USR_028796d99c,843882,Paula,41.87917,-87.605869,10
USR_028796d99c,843882,Paula,41.869909,-87.658875,10
USR_028796d99c,843882,Paula,41.859092,-87.611733,10
USR_028796d99c,843882,Paula,41.877627,-87.679678,10
USR_132d326397,847773,Troy,41.841635,-87.613852,10
USR_132d326397,847773,Troy,41.851632,-87.615492,10
USR_132d326397,847773,Troy,41.845723,-87.604185,10
USR_132d326397,847773,Troy,41.898253,-87.601135,10
USR_132d326397,847773,Troy,41.890858,-87.632336,10
USR_132d326397,847773,Troy,41.852375,-87.648633,10
USR_132d326397,847773,Troy,41.84445,-87.646076,10
USR_6ac07aa166,847816,Cindy,41.890305,-87.640248,10
USR_6ac07aa166,847816,Cindy,41.858799,-87.635393,10
USR_6ac07aa166,847816,Cindy,41.843924,-87.609475,10
USR_6ac07aa166,847816,Cindy,41.892488,-87.655906,10
USR_6ac07aa166,847816,Cindy,41.87668,-87.656844,10
USR_3307b73369,848852,Katherine,41.875068,-87.625973,10
USR_3307b73369,848852,Katherine,41.885103,-87.686685,10
USR_3307b73369,848852,Katherine,41.846958,-87.663111,10
USR_3307b73369,848852,Katherine,41.883423,-87.641044,10
USR_3307b73369,848852,Katherine,41.848167,-87.667878,10
USR_3307b73369,848852,Katherine,41.883531,-87.618223,10
USR_5e5f5c27cf,848968,Courtney,41.841108,-87.619902,10
USR_5e5f5c27cf,848968,Courtney,41.843752,-87.615694,10
USR_5e5f5c27cf,848968,Courtney,41.880155,-87.648005,10
USR_5e5f5c27cf,848968,Courtney,41.89663,-87.695112,10
USR_5e5f5c27cf,848968,Courtney,41.898128,-87.68695,10
USR_5e5f5c27cf,848968,Courtney,41.852636,-87.651114,10
USR_0c7353e619,852101,William,41.845451,-87.670338,10
USR_0c7353e619,852101,William,41.849883,-87.617095,10
USR_0c7353e619,852101,William,41.85631,-87.693319,10
USR_0c7353e619,852101,William,41.856018,-87.669747,10
USR_0c7353e619,852101,William,41.887465,-87.655508,10
USR_eb4e784e28,856746,Debra,41.859987,-87.637909,10
USR_eb4e784e28,856746,Debra,41.859123,-87.695492,10
USR_eb4e784e28,856746,Debra,41.872242,-87.683746,10
USR_eb4e784e28,856746,Debra,41.884188,-87.623714,10
USR_eb4e784e28,856746,Debra,41.888696,-87.697867,10
USR_eb4e784e28,856746,Debra,41.854674,-87.697955,10
USR_eb4e784e28,856746,Debra,41.85952,-87.697693,10
USR_27d49d5dbe,857627,Christian,41.890902,-87.63087,10
USR_27d49d5dbe,857627,Christian,41.874876,-87.612621,10
USR_27d49d5dbe,857627,Christian,41.84581,-87.672698,10
USR_27d49d5dbe,857627,Christian,41.880662,-87.696398,10
USR_27d49d5dbe,857627,Christian,41.879395,-87.691428,10
USR_27d49d5dbe,857627,Christian,41.892504,-87.683347,10
USR_27d49d5dbe,857627,Christian,41.895581,-87.634723,10
USR_f5a653d975,858249,Kaitlin,41.856539,-87.618297,10
USR_f5a653d975,858249,Kaitlin,41.891121,-87.655335,10
USR_f5a653d975,858249,Kaitlin,41.862552,-87.679103,10
USR_f5a653d975,858249,Kaitlin,41.893377,-87.686732,10
USR_f5a653d975,858249,Kaitlin,41.856127,-87.639574,10
USR_f5a653d975,858249,Kaitlin,41.866731,-87.633742,10
USR_7cfb780558,859276,Kayla,41.862445,-87.695198,10
USR_7cfb780558,859276,Kayla,41.850437,-87.60944,10
USR_7cfb780558,859276,Kayla,41.888975,-87.638339,10
USR_7cfb780558,859276,Kayla,41.854782,-87.606927,10
USR_7cfb780558,859276,Kayla,41.891614,-87.660931,10
USR_b6421c8668,862222,Emily,41.877391,-87.615687,10
USR_b6421c8668,862222,Emily,41.875449,-87.61813,10
USR_b6421c8668,862222,Emily,41.895226,-87.672911,10
USR_b6421c8668,862222,Emily,41.874024,-87.634936,10
USR_b6421c8668,862222,Emily,41.899599,-87.636504,10
USR_b6421c8668,862222,Emily,41.881215,-87.673453,10
USR_0d7901a505,865255,Holly,41.866876,-87.674785,10
USR_0d7901a505,865255,Holly,41.867533,-87.654046,10
USR_0d7901a505,865255,Holly,41.894939,-87.615781,10
USR_0d7901a505,865255,Holly,41.844662,-87.672043,10
USR_0d7901a505,865255,Holly,41.849494,-87.62458,10
USR_0d7901a505,865255,Holly,41.893137,-87.633245,10
USR_0d7901a505,865255,Holly,41.847862,-87.660132,10
USR_5c79696987,871447,Richard,41.898084,-87.647566,10
USR_5c79696987,871447,Richard,41.878436,-87.698852,10
USR_5c79696987,871447,Richard,41.88867,-87.691931,10
USR_5c79696987,871447,Richard,41.844118,-87.606299,10
USR_5c79696987,871447,Richard,41.874921,-87.664353,10
USR_899fa7dd42,872637,Beth,41.895475,-87.651324,10
USR_899fa7dd42,872637,Beth,41.850101,-87.640387,10
USR_899fa7dd42,872637,Beth,41.878157,-87.644622,10
USR_899fa7dd42,872637,Beth,41.873126,-87.61153,10
USR_899fa7dd42,872637,Beth,41.856024,-87.618818,10
USR_899fa7dd42,872637,Beth,41.895742,-87.665515,10
USR_2d485f8632,873874,Spencer,41.873833,-87.672149,10
USR_2d485f8632,873874,Spencer,41.847681,-87.686468,10
USR_2d485f8632,873874,Spencer,41.890675,-87.616912,10
USR_2d485f8632,873874,Spencer,41.853426,-87.694849,10
USR_2d485f8632,873874,Spencer,41.870393,-87.692811,10
USR_2d485f8632,873874,Spencer,41.896014,-87.628052,10
USR_5e12b7c2fd,875104,Vijay,41.85941,-87.603324,10
USR_5e12b7c2fd,875104,Vijay,41.874975,-87.656798,10
USR_8e105536bd,887246,Cody,41.867737,-87.626074,10
USR_8e105536bd,887246,Cody,41.861687,-87.629419,10
USR_8e105536bd,887246,Cody,41.877688,-87.628636,10
USR_8e105536bd,887246,Cody,41.868132,-87.61285,10
USR_8e105536bd,887246,Cody,41.866602,-87.633283,10
USR_31e9697d43,889906,Mark,41.860448,-87.651138,10
USR_31e9697d43,889906,Mark,41.849382,-87.626569,10
USR_31e9697d43,889906,Mark,41.862259,-87.68575,10
USR_31e9697d43,889906,Mark,41.891737,-87.609427,10
USR_31e9697d43,889906,Mark,41.883568,-87.643673,10
USR_31e9697d43,889906,Mark,41.864473,-87.640544,10
USR_31e9697d43,889906,Mark,41.84015,-87.657544,10
USR_7e37854d19,896054,Gerald,41.849981,-87.623847,10
USR_7e37854d19,896054,Gerald,41.850491,-87.630616,10
USR_7e37854d19,896054,Gerald,41.868526,-87.625418,10
USR_7e37854d19,896054,Gerald,41.880754,-87.625327,10
USR_7e37854d19,896054,Gerald,41.869967,-87.63747,10
USR_7e37854d19,896054,Gerald,41.869368,-87.602452,10
USR_7404a4c6a5,896134,Brittany,41.899816,-87.647715,10
USR_7404a4c6a5,896134,Brittany,41.863249,-87.682047,10
USR_7404a4c6a5,896134,Brittany,41.869242,-87.667059,10
USR_7404a4c6a5,896134,Brittany,41.840499,-87.677887,10
USR_7404a4c6a5,896134,Brittany,41.849495,-87.627606,10
USR_7404a4c6a5,896134,Brittany,41.877546,-87.691145,10
USR_214ebdd753,896158,Carl,41.883223,-87.618347,10
USR_214ebdd753,896158,Carl,41.858348,-87.682042,10
USR_214ebdd753,896158,Carl,41.841888,-87.681124,10
USR_214ebdd753,896158,Carl,41.85183,-87.676191,10
USR_214ebdd753,896158,Carl,41.883217,-87.66986,10
USR_214ebdd753,896158,Carl,41.893258,-87.6727,10
USR_214ebdd753,896158,Carl,41.841012,-87.626159,10
USR_7550d35a69,897352,Jose,41.865531,-87.677233,10
USR_7550d35a69,897352,Jose,41.895006,-87.665254,10
USR_7550d35a69,897352,Jose,41.899061,-87.694934,10
USR_7550d35a69,897352,Jose,41.89312,-87.673101,10
USR_7550d35a69,897352,Jose,41.840094,-87.698761,10
USR_7550d35a69,897352,Jose,41.881715,-87.634005,10
USR_7550d35a69,897352,Jose,41.865047,-87.693154,10
USR_39af1b1279,902824,Johnathan,41.843776,-87.616349,10
USR_39af1b1279,902824,Johnathan,41.873676,-87.676747,10
USR_39af1b1279,902824,Johnathan,41.845544,-87.69756,10
USR_39af1b1279,902824,Johnathan,41.886586,-87.666089,10
USR_39af1b1279,902824,Johnathan,41.896529,-87.681151,10
USR_8593e525e7,903793,Erin,41.860757,-87.650507,10
USR_8593e525e7,903793,Erin,41.869153,-87.628704,10
USR_8593e525e7,903793,Erin,41.896332,-87.62131,10
USR_8593e525e7,903793,Erin,41.873325,-87.659533,10
USR_8593e525e7,903793,Erin,41.85055,-87.688883,10
USR_6c6b1b2b3e,903985,Chad,41.88855,-87.627377,10
USR_6c6b1b2b3e,903985,Chad,41.844003,-87.653682,10
USR_6c6b1b2b3e,903985,Chad,41.890397,-87.687016,10
USR_6c6b1b2b3e,903985,Chad,41.85546,-87.621287,10
USR_6c6b1b2b3e,903985,Chad,41.841221,-87.626139,10
USR_75c450c3f9,909389,Brian,41.891291,-87.679771,10
USR_75c450c3f9,909389,Brian,41.842337,-87.677657,10
USR_75c450c3f9,909389,Brian,41.851574,-87.62798,10
USR_75c450c3f9,909389,Brian,41.843042,-87.687369,10
USR_75c450c3f9,909389,Brian,41.871225,-87.67971,10
USR_d1c2ddfddc,911144,Danielle,41.865771,-87.686368,10
USR_d1c2ddfddc,911144,Danielle,41.892445,-87.652803,10
USR_d1c2ddfddc,911144,Danielle,41.872543,-87.62346,10
USR_d1c2ddfddc,911144,Danielle,41.875215,-87.617025,10
USR_d1c2ddfddc,911144,Danielle,41.886743,-87.600405,10
USR_d8ae61c307,914895,Jimmy,41.8798,-87.663265,10
USR_d8ae61c307,914895,Jimmy,41.863983,-87.610491,10
USR_d8ae61c307,914895,Jimmy,41.859115,-87.609762,10
USR_d8ae61c307,914895,Jimmy,41.842567,-87.637933,10
USR_d8ae61c307,914895,Jimmy,41.840778,-87.608767,10
USR_d8ae61c307,914895,Jimmy,41.895097,-87.645289,10
USR_d8ae61c307,914895,Jimmy,41.841708,-87.685446,10
USR_0ad953696d,921598,Rick,41.840595,-87.626281,10
USR_0ad953696d,921598,Rick,41.892398,-87.600607,10
USR_0ad953696d,921598,Rick,41.897507,-87.690661,10
USR_0ad953696d,921598,Rick,41.852468,-87.639489,10
USR_0ad953696d,921598,Rick,41.849498,-87.622163,10
USR_0a57a5ea8a,924123,Shannon,41.843107,-87.604928,10
USR_0a57a5ea8a,924123,Shannon,41.864064,-87.647457,10
USR_0a57a5ea8a,924123,Shannon,41.896989,-87.603744,10
USR_0a57a5ea8a,924123,Shannon,41.895212,-87.638848,10
USR_0a57a5ea8a,924123,Shannon,41.898405,-87.666221,10
USR_6b15b34bf9,928442,Melanie,41.868632,-87.680645,10
USR_6b15b34bf9,928442,Melanie,41.893677,-87.615771,10
USR_6b15b34bf9,928442,Melanie,41.876091,-87.676761,10
USR_6b15b34bf9,928442,Melanie,41.867332,-87.615166,10
USR_6b15b34bf9,928442,Melanie,41.858498,-87.688914,10
USR_7f0871085c,931822,Jennifer,41.894942,-87.640383,10
USR_7f0871085c,931822,Jennifer,41.857089,-87.624736,10
USR_7f0871085c,931822,Jennifer,41.852504,-87.691636,10
USR_7f0871085c,931822,Jennifer,41.851732,-87.694078,10
USR_7f0871085c,931822,Jennifer,41.879665,-87.677669,10
USR_cf7d73bb6e,934246,Matthew,41.880259,-87.633415,10
USR_cf7d73bb6e,934246,Matthew,41.885818,-87.689691,10
USR_cf7d73bb6e,934246,Matthew,41.877665,-87.694692,10
USR_cf7d73bb6e,934246,Matthew,41.852734,-87.669428,10
USR_cf7d73bb6e,934246,Matthew,41.887358,-87.635444,10
USR_61bf74cd01,942729,Amy,41.893967,-87.692851,10
USR_61bf74cd01,942729,Amy,41.891037,-87.615266,10
USR_61bf74cd01,942729,Amy,41.898032,-87.672351,10
USR_61bf74cd01,942729,Amy,41.856401,-87.665201,10
USR_61bf74cd01,942729,Amy,41.863469,-87.625228,10
USR_961f008e7d,946614,Christopher,41.888603,-87.616518,10
USR_961f008e7d,946614,Christopher,41.878679,-87.621259,10
USR_961f008e7d,946614,Christopher,41.856636,-87.681552,10
USR_961f008e7d,946614,Christopher,41.851313,-87.613202,10
USR_961f008e7d,946614,Christopher,41.854952,-87.625712,10
USR_961f008e7d,946614,Christopher,41.84692,-87.615654,10
USR_db6a30e698,950509,Dale,41.861517,-87.69612,10
USR_db6a30e698,950509,Dale,41.887458,-87.617905,10
USR_db6a30e698,950509,Dale,41.854586,-87.619205,10
USR_db6a30e698,950509,Dale,41.883866,-87.606468,10
USR_db6a30e698,950509,Dale,41.864407,-87.637005,10
USR_db6a30e698,950509,Dale,41.864808,-87.639147,10
USR_db6a30e698,950509,Dale,41.881598,-87.690016,10
USR_fb10701d59,955629,Debbie,41.84565,-87.619196,10
USR_fb10701d59,955629,Debbie,41.864517,-87.688815,10
USR_fb10701d59,955629,Debbie,41.888212,-87.637858,10
USR_fb10701d59,955629,Debbie,41.851764,-87.645827,10
USR_fb10701d59,955629,Debbie,41.8549,-87.675382,10
USR_fb10701d59,955629,Debbie,41.870995,-87.692457,10
USR_ce753b772f,961548,Brianna,41.864208,-87.61501,10
USR_ce753b772f,961548,Brianna,41.897976,-87.659085,10
USR_ce753b772f,961548,Brianna,41.850775,-87.616751,10
USR_ce753b772f,961548,Brianna,41.845386,-87.658393,10
USR_ce753b772f,961548,Brianna,41.893546,-87.650392,10
USR_ce753b772f,961548,Brianna,41.870186,-87.697421,10
USR_e7df110f48,963372,Diana,41.863795,-87.607597,10
USR_e7df110f48,963372,Diana,41.878307,-87.681285,10
USR_e7df110f48,963372,Diana,41.847913,-87.604444,10
USR_e7df110f48,963372,Diana,41.856407,-87.601225,10
USR_e7df110f48,963372,Diana,41.842886,-87.604488,10
USR_dd00f2285a,969107,Larry,41.858732,-87.685188,10
USR_dd00f2285a,969107,Larry,41.848717,-87.642905,10
USR_dd00f2285a,969107,Larry,41.853806,-87.621254,10
USR_dd00f2285a,969107,Larry,41.847152,-87.62055,10
USR_dd00f2285a,969107,Larry,41.881867,-87.618355,10
USR_dd00f2285a,969107,Larry,41.853182,-87.636716,10
USR_850d2a9ba1,969192,Kelsey,41.840445,-87.65266,10
USR_850d2a9ba1,969192,Kelsey,41.884861,-87.681832,10
USR_850d2a9ba1,969192,Kelsey,41.872094,-87.66916,10
USR_850d2a9ba1,969192,Kelsey,41.862748,-87.649439,10
USR_850d2a9ba1,969192,Kelsey,41.84551,-87.668797,10
USR_850d2a9ba1,969192,Kelsey,41.899532,-87.64495,10
USR_c3f15d27bc,977321,Anthony,41.885059,-87.621332,10
USR_c3f15d27bc,977321,Anthony,41.858312,-87.603961,10
USR_c3f15d27bc,977321,Anthony,41.868041,-87.645308,10
USR_c3f15d27bc,977321,Anthony,41.885943,-87.680002,10
USR_c3f15d27bc,977321,Anthony,41.881301,-87.631822,10
USR_c3f15d27bc,977321,Anthony,41.841369,-87.631652,10
USR_e50f3474ae,988283,Steven,41.849749,-87.617004,10
USR_e50f3474ae,988283,Steven,41.844992,-87.604736,10
USR_e50f3474ae,988283,Steven,41.853008,-87.690639,10
USR_e50f3474ae,988283,Steven,41.89485,-87.649865,10
USR_e50f3474ae,988283,Steven,41.842722,-87.647406,10
USR_e083612b4a,997069,Amanda,41.875216,-87.631014,10
USR_e083612b4a,997069,Amanda,41.869623,-87.69516,10
USR_e083612b4a,997069,Amanda,41.872752,-87.674951,10
USR_e083612b4a,997069,Amanda,41.863527,-87.669286,10
USR_e083612b4a,997069,Amanda,41.866089,-87.626748,10
USR_14da0840cc,998029,Wendy,41.893464,-87.643492,10
USR_14da0840cc,998029,Wendy,41.885509,-87.624928,10
USR_14da0840cc,998029,Wendy,41.868849,-87.611112,10
USR_14da0840cc,998029,Wendy,41.898851,-87.6517,10
USR_14da0840cc,998029,Wendy,41.880656,-87.631114,10
USR_14da0840cc,998029,Wendy,41.867942,-87.606426,10
